trip,category,model,horizon_sec,n_episodes,mean_dist_m,drift_m,drift_pct,episode_pass_rate_pct,is_trip_pass
V-Vfa02,Motorway,Adaptive_Regime_Fusion,10,446,243.48,23.7,17.98,61.2,0
V-Vfa02,Motorway,Adaptive_Regime_Fusion,20,446,486.82,50.89,12.23,55.8,0
V-Vfa02,Motorway,Adaptive_Regime_Fusion,30,446,730.4,78.2,11.99,54.7,0
V-Vfa02,Motorway,Adaptive_Regime_Fusion,60,446,1460.32,157.21,11.69,53.8,0
V-Vfa02,Motorway,Fixed_Damped_Momentum,10,446,243.48,16.42,10.62,75.6,0
V-Vfa02,Motorway,Fixed_Damped_Momentum,20,446,486.82,43.92,10.7,63.2,0
V-Vfa02,Motorway,Fixed_Damped_Momentum,30,446,730.4,73.93,12.1,57.4,0
V-Vfa02,Motorway,Fixed_Damped_Momentum,60,446,1460.32,162.32,12.8,50.7,0
V-Vfa02,Motorway,Pure_Kinematics,10,446,243.48,14.44,9.06,83.0,1
V-Vfa02,Motorway,Pure_Kinematics,20,446,486.82,49.36,14.27,60.8,0
V-Vfa02,Motorway,Pure_Kinematics,30,446,730.4,100.15,18.1,46.0,0
V-Vfa02,Motorway,Pure_Kinematics,60,446,1460.32,313.9,25.44,28.5,0
V-Vfa02,Motorway,Static_TCN,10,446,243.48,31.13,27.31,46.4,0
V-Vfa02,Motorway,Static_TCN,20,446,486.82,58.82,14.8,46.4,0
V-Vfa02,Motorway,Static_TCN,30,446,730.4,85.02,13.52,47.8,0
V-Vfa02,Motorway,Static_TCN,60,446,1460.32,163.65,12.28,52.2,0
Vta21,Suburban,Adaptive_Regime_Fusion,10,10,140.75,35.01,52.68,30.0,0
Vta21,Suburban,Adaptive_Regime_Fusion,20,10,278.18,58.03,32.11,20.0,0
Vta21,Suburban,Adaptive_Regime_Fusion,30,10,411.03,67.71,18.4,40.0,0
Vta21,Suburban,Adaptive_Regime_Fusion,60,10,786.7,61.52,7.88,70.0,1
Vta21,Suburban,Fixed_Damped_Momentum,10,10,140.75,25.63,35.69,40.0,0
Vta21,Suburban,Fixed_Damped_Momentum,20,10,278.18,60.0,21.95,20.0,0
Vta21,Suburban,Fixed_Damped_Momentum,30,10,411.03,92.51,24.33,40.0,0
Vta21,Suburban,Fixed_Damped_Momentum,60,10,786.7,226.44,28.67,10.0,0
Vta21,Suburban,Pure_Kinematics,10,10,140.75,41.21,115.97,30.0,0
Vta21,Suburban,Pure_Kinematics,20,10,278.18,124.04,59.2,0.0,0
Vta21,Suburban,Pure_Kinematics,30,10,411.03,200.4,54.48,10.0,0
Vta21,Suburban,Pure_Kinematics,60,10,786.7,406.81,51.45,0.0,0
Vta21,Suburban,Static_TCN,10,10,140.75,41.9,84.89,30.0,0
Vta21,Suburban,Static_TCN,20,10,278.18,69.34,45.3,20.0,0
Vta21,Suburban,Static_TCN,30,10,411.03,81.39,23.76,30.0,0
Vta21,Suburban,Static_TCN,60,10,786.7,63.65,8.19,80.0,1
Vta22,Suburban,Adaptive_Regime_Fusion,10,6,95.64,21.02,22.74,16.7,0
Vta22,Suburban,Adaptive_Regime_Fusion,20,6,195.61,43.12,21.67,16.7,0
Vta22,Suburban,Adaptive_Regime_Fusion,30,6,293.75,59.21,19.75,16.7,0
Vta22,Suburban,Adaptive_Regime_Fusion,60,6,641.28,107.69,16.84,50.0,0
Vta22,Suburban,Fixed_Damped_Momentum,10,6,95.64,28.29,31.59,0.0,0
Vta22,Suburban,Fixed_Damped_Momentum,20,6,195.61,82.44,42.0,0.0,0
Vta22,Suburban,Fixed_Damped_Momentum,30,6,293.75,129.21,43.08,0.0,0
Vta22,Suburban,Fixed_Damped_Momentum,60,6,641.28,238.84,36.97,16.7,0
Vta22,Suburban,Pure_Kinematics,10,6,95.64,22.12,24.26,16.7,0
Vta22,Suburban,Pure_Kinematics,20,6,195.61,55.24,28.04,33.3,0
Vta22,Suburban,Pure_Kinematics,30,6,293.75,86.54,29.96,33.3,0
Vta22,Suburban,Pure_Kinematics,60,6,641.28,176.7,27.72,0.0,0
Vta22,Suburban,Static_TCN,10,6,95.64,19.22,20.6,16.7,0
Vta22,Suburban,Static_TCN,20,6,195.61,23.35,11.29,50.0,0
Vta22,Suburban,Static_TCN,30,6,293.75,40.13,13.06,33.3,0
Vta22,Suburban,Static_TCN,60,6,641.28,79.12,12.43,16.7,0
Vta23,Suburban,Adaptive_Regime_Fusion,10,3,80.33,27.39,35.17,0.0,0
Vta23,Suburban,Adaptive_Regime_Fusion,20,3,159.92,58.02,32.65,0.0,0
Vta23,Suburban,Adaptive_Regime_Fusion,30,3,248.4,62.32,21.92,33.3,0
Vta23,Suburban,Adaptive_Regime_Fusion,60,3,570.14,156.75,26.16,33.3,0
Vta23,Suburban,Fixed_Damped_Momentum,10,3,80.33,33.11,47.16,33.3,0
Vta23,Suburban,Fixed_Damped_Momentum,20,3,159.92,117.68,72.29,0.0,0
Vta23,Suburban,Fixed_Damped_Momentum,30,3,248.4,154.59,59.43,0.0,0
Vta23,Suburban,Fixed_Damped_Momentum,60,3,570.14,354.37,59.87,0.0,0
Vta23,Suburban,Pure_Kinematics,10,3,80.33,12.54,15.47,0.0,0
Vta23,Suburban,Pure_Kinematics,20,3,159.92,30.66,26.5,66.7,0
Vta23,Suburban,Pure_Kinematics,30,3,248.4,102.31,43.42,0.0,0
Vta23,Suburban,Pure_Kinematics,60,3,570.14,352.9,62.4,0.0,0
Vta23,Suburban,Static_TCN,10,3,80.33,24.12,44.94,0.0,0
Vta23,Suburban,Static_TCN,20,3,159.92,43.35,28.77,0.0,0
Vta23,Suburban,Static_TCN,30,3,248.4,65.15,27.12,0.0,0
Vta23,Suburban,Static_TCN,60,3,570.14,132.2,23.06,0.0,0
Vta24,Suburban,Adaptive_Regime_Fusion,10,4,53.0,6.18,24.19,50.0,0
Vta24,Suburban,Adaptive_Regime_Fusion,20,4,100.25,20.91,34.46,0.0,0
Vta24,Suburban,Adaptive_Regime_Fusion,30,4,169.13,21.56,26.8,25.0,0
Vta24,Suburban,Adaptive_Regime_Fusion,60,4,384.79,56.95,14.65,25.0,0
Vta24,Suburban,Fixed_Damped_Momentum,10,4,53.0,2.96,21.44,75.0,0
Vta24,Suburban,Fixed_Damped_Momentum,20,4,100.25,27.42,50.23,0.0,0
Vta24,Suburban,Fixed_Damped_Momentum,30,4,169.13,53.82,51.46,0.0,0
Vta24,Suburban,Fixed_Damped_Momentum,60,4,384.79,150.84,38.29,25.0,0
Vta24,Suburban,Pure_Kinematics,10,4,53.0,27.97,60.11,25.0,0
Vta24,Suburban,Pure_Kinematics,20,4,100.25,69.19,135.84,25.0,0
Vta24,Suburban,Pure_Kinematics,30,4,169.13,138.18,90.96,0.0,0
Vta24,Suburban,Pure_Kinematics,60,4,384.79,293.56,73.42,0.0,0
Vta24,Suburban,Static_TCN,10,4,53.0,10.54,16.4,50.0,0
Vta24,Suburban,Static_TCN,20,4,100.25,19.02,23.57,25.0,0
Vta24,Suburban,Static_TCN,30,4,169.13,25.02,32.27,50.0,0
Vta24,Suburban,Static_TCN,60,4,384.79,46.86,12.8,25.0,0
Vta25,Suburban,Adaptive_Regime_Fusion,10,1,6.59,100.32,1522.76,0.0,0
Vta25,Suburban,Adaptive_Regime_Fusion,20,1,6.85,119.31,1741.83,0.0,0
Vta25,Suburban,Adaptive_Regime_Fusion,30,1,15.92,113.7,714.27,0.0,0
Vta25,Suburban,Fixed_Damped_Momentum,10,1,6.59,98.39,1493.42,0.0,0
Vta25,Suburban,Fixed_Damped_Momentum,20,1,6.85,169.05,2468.05,0.0,0
Vta25,Suburban,Fixed_Damped_Momentum,30,1,15.92,197.84,1242.87,0.0,0
Vta25,Suburban,Pure_Kinematics,10,1,6.59,60.79,922.75,0.0,0
Vta25,Suburban,Pure_Kinematics,20,1,6.85,114.76,1675.42,0.0,0
Vta25,Suburban,Pure_Kinematics,30,1,15.92,144.22,906.02,0.0,0
Vta25,Suburban,Static_TCN,10,1,6.59,92.0,1396.36,0.0,0
Vta25,Suburban,Static_TCN,20,1,6.85,107.63,1571.33,0.0,0
Vta25,Suburban,Static_TCN,30,1,15.92,102.56,644.29,0.0,0
Vta26,Suburban,Adaptive_Regime_Fusion,10,9,50.68,10.19,54.6,44.4,0
Vta26,Suburban,Adaptive_Regime_Fusion,20,9,102.62,20.68,26.96,44.4,0
Vta26,Suburban,Adaptive_Regime_Fusion,30,9,146.55,29.17,38.99,22.2,0
Vta26,Suburban,Adaptive_Regime_Fusion,60,9,258.73,66.26,47.31,11.1,0
Vta26,Suburban,Fixed_Damped_Momentum,10,9,50.68,14.71,100.11,44.4,0
Vta26,Suburban,Fixed_Damped_Momentum,20,9,102.62,39.02,87.07,44.4,0
Vta26,Suburban,Fixed_Damped_Momentum,30,9,146.55,65.78,138.79,22.2,0
Vta26,Suburban,Fixed_Damped_Momentum,60,9,258.73,166.38,197.63,0.0,0
Vta26,Suburban,Pure_Kinematics,10,9,50.68,14.11,93.98,44.4,0
Vta26,Suburban,Pure_Kinematics,20,9,102.62,55.13,104.71,22.2,0
Vta26,Suburban,Pure_Kinematics,30,9,146.55,95.23,203.99,22.2,0
Vta26,Suburban,Pure_Kinematics,60,9,258.73,292.84,574.65,0.0,0
Vta26,Suburban,Static_TCN,10,9,50.68,14.65,39.46,33.3,0
Vta26,Suburban,Static_TCN,20,9,102.62,27.34,31.25,44.4,0
Vta26,Suburban,Static_TCN,30,9,146.55,38.0,48.89,22.2,0
Vta26,Suburban,Static_TCN,60,9,258.73,87.21,70.82,0.0,0
Vta27,Suburban,Adaptive_Regime_Fusion,10,13,127.96,28.83,21.98,46.2,0
Vta27,Suburban,Adaptive_Regime_Fusion,20,13,261.76,61.59,29.05,46.2,0
Vta27,Suburban,Adaptive_Regime_Fusion,30,13,400.98,77.79,23.33,53.8,0
Vta27,Suburban,Adaptive_Regime_Fusion,60,13,818.93,95.91,12.68,53.8,0
Vta27,Suburban,Fixed_Damped_Momentum,10,13,127.96,21.81,16.31,38.5,0
Vta27,Suburban,Fixed_Damped_Momentum,20,13,261.76,58.77,28.13,38.5,0
Vta27,Suburban,Fixed_Damped_Momentum,30,13,400.98,99.81,28.81,30.8,0
Vta27,Suburban,Fixed_Damped_Momentum,60,13,818.93,167.34,21.3,30.8,0
Vta27,Suburban,Pure_Kinematics,10,13,127.96,28.31,19.82,30.8,0
Vta27,Suburban,Pure_Kinematics,20,13,261.76,92.8,34.6,15.4,0
Vta27,Suburban,Pure_Kinematics,30,13,400.98,158.11,40.72,7.7,0
Vta27,Suburban,Pure_Kinematics,60,13,818.93,306.46,37.18,30.8,0
Vta27,Suburban,Static_TCN,10,13,127.96,31.21,23.41,46.2,0
Vta27,Suburban,Static_TCN,20,13,261.76,64.87,28.88,46.2,0
Vta27,Suburban,Static_TCN,30,13,400.98,85.15,24.58,38.5,0
Vta27,Suburban,Static_TCN,60,13,818.93,104.92,13.78,53.8,0
Vta28,Suburban,Adaptive_Regime_Fusion,10,24,98.64,23.68,40.77,33.3,0
Vta28,Suburban,Adaptive_Regime_Fusion,20,24,195.97,45.95,46.31,29.2,0
Vta28,Suburban,Adaptive_Regime_Fusion,30,24,291.78,61.86,33.27,33.3,0
Vta28,Suburban,Adaptive_Regime_Fusion,60,24,565.29,120.6,25.3,20.8,0
Vta28,Suburban,Fixed_Damped_Momentum,10,24,98.64,28.61,41.05,25.0,0
Vta28,Suburban,Fixed_Damped_Momentum,20,24,195.97,75.46,48.94,16.7,0
Vta28,Suburban,Fixed_Damped_Momentum,30,24,291.78,116.8,50.06,16.7,0
Vta28,Suburban,Fixed_Damped_Momentum,60,24,565.29,223.73,41.13,12.5,0
Vta28,Suburban,Pure_Kinematics,10,24,98.64,29.27,45.7,25.0,0
Vta28,Suburban,Pure_Kinematics,20,24,195.97,94.73,76.89,0.0,0
Vta28,Suburban,Pure_Kinematics,30,24,291.78,163.99,99.82,4.2,0
Vta28,Suburban,Pure_Kinematics,60,24,565.29,281.8,64.92,4.2,0
Vta28,Suburban,Static_TCN,10,24,98.64,22.52,45.31,45.8,0
Vta28,Suburban,Static_TCN,20,24,195.97,38.95,70.86,41.7,0
Vta28,Suburban,Static_TCN,30,24,291.78,50.98,39.64,50.0,0
Vta28,Suburban,Static_TCN,60,24,565.29,100.85,25.48,37.5,0
Vtb09,Dense Urban,Adaptive_Regime_Fusion,10,1,238.44,5.42,2.27,100.0,1
Vtb09,Dense Urban,Adaptive_Regime_Fusion,20,1,451.38,4.53,1.0,100.0,1
Vtb09,Dense Urban,Adaptive_Regime_Fusion,30,1,660.44,45.93,6.95,100.0,1
Vtb09,Dense Urban,Fixed_Damped_Momentum,10,1,238.44,3.36,1.41,100.0,1
Vtb09,Dense Urban,Fixed_Damped_Momentum,20,1,451.38,38.29,8.48,100.0,1
Vtb09,Dense Urban,Fixed_Damped_Momentum,30,1,660.44,92.26,13.97,0.0,0
Vtb09,Dense Urban,Pure_Kinematics,10,1,238.44,29.7,12.46,0.0,0
Vtb09,Dense Urban,Pure_Kinematics,20,1,451.38,13.26,2.94,100.0,1
Vtb09,Dense Urban,Pure_Kinematics,30,1,660.44,12.2,1.85,100.0,1
Vtb09,Dense Urban,Static_TCN,10,1,238.44,0.1,0.04,100.0,1
Vtb09,Dense Urban,Static_TCN,20,1,451.38,18.72,4.15,100.0,1
Vtb09,Dense Urban,Static_TCN,30,1,660.44,13.4,2.03,100.0,1
Vtb11,Dense Urban,Adaptive_Regime_Fusion,10,1,193.99,49.14,25.33,0.0,0
Vtb11,Dense Urban,Adaptive_Regime_Fusion,20,1,385.03,104.92,27.25,0.0,0
Vtb11,Dense Urban,Fixed_Damped_Momentum,10,1,193.99,44.97,23.18,0.0,0
Vtb11,Dense Urban,Fixed_Damped_Momentum,20,1,385.03,107.74,27.98,0.0,0
Vtb11,Dense Urban,Pure_Kinematics,10,1,193.99,11.83,6.1,100.0,1
Vtb11,Dense Urban,Pure_Kinematics,20,1,385.03,6.97,1.81,100.0,1
Vtb11,Dense Urban,Static_TCN,10,1,193.99,52.82,27.23,0.0,0
Vtb11,Dense Urban,Static_TCN,20,1,385.03,102.56,26.64,0.0,0
Vtb12,Dense Urban,Adaptive_Regime_Fusion,10,1,96.0,13.02,13.56,0.0,0
Vtb12,Dense Urban,Adaptive_Regime_Fusion,20,1,198.93,66.78,33.57,0.0,0
Vtb12,Dense Urban,Adaptive_Regime_Fusion,30,1,300.51,113.43,37.74,0.0,0
Vtb12,Dense Urban,Fixed_Damped_Momentum,10,1,96.0,24.43,25.45,0.0,0
Vtb12,Dense Urban,Fixed_Damped_Momentum,20,1,198.93,124.3,62.48,0.0,0
Vtb12,Dense Urban,Fixed_Damped_Momentum,30,1,300.51,218.36,72.66,0.0,0
Vtb12,Dense Urban,Pure_Kinematics,10,1,96.0,40.92,42.63,0.0,0
Vtb12,Dense Urban,Pure_Kinematics,20,1,198.93,22.99,11.56,0.0,0
Vtb12,Dense Urban,Pure_Kinematics,30,1,300.51,50.75,16.89,0.0,0
Vtb12,Dense Urban,Static_TCN,10,1,96.0,6.56,6.83,100.0,1
Vtb12,Dense Urban,Static_TCN,20,1,198.93,4.97,2.5,100.0,1
Vtb12,Dense Urban,Static_TCN,30,1,300.51,6.85,2.28,100.0,1
Vw12,Mountain,Adaptive_Regime_Fusion,10,2,264.19,19.45,7.43,50.0,1
Vw12,Mountain,Adaptive_Regime_Fusion,20,2,525.75,36.2,6.88,100.0,1
Vw12,Mountain,Adaptive_Regime_Fusion,30,2,778.07,47.59,6.1,100.0,1
Vw12,Mountain,Adaptive_Regime_Fusion,60,2,1500.2,45.3,3.01,100.0,1
Vw12,Mountain,Fixed_Damped_Momentum,10,2,264.19,8.5,3.26,100.0,1
Vw12,Mountain,Fixed_Damped_Momentum,20,2,525.75,13.89,2.65,100.0,1
Vw12,Mountain,Fixed_Damped_Momentum,30,2,778.07,13.54,1.72,100.0,1
Vw12,Mountain,Fixed_Damped_Momentum,60,2,1500.2,26.52,1.78,100.0,1
Vw12,Mountain,Pure_Kinematics,10,2,264.19,16.03,6.02,100.0,1
Vw12,Mountain,Pure_Kinematics,20,2,525.75,62.75,11.93,50.0,0
Vw12,Mountain,Pure_Kinematics,30,2,778.07,147.44,19.07,0.0,0
Vw12,Mountain,Pure_Kinematics,60,2,1500.2,650.32,43.4,0.0,0
Vw12,Mountain,Static_TCN,10,2,264.19,29.07,11.06,50.0,0
Vw12,Mountain,Static_TCN,20,2,525.75,52.27,9.95,50.0,1
Vw12,Mountain,Static_TCN,30,2,778.07,74.53,9.56,50.0,1
Vw12,Mountain,Static_TCN,60,2,1500.2,100.25,6.68,100.0,1
Vw13,Mountain,Adaptive_Regime_Fusion,10,1,271.11,16.55,6.1,100.0,1
Vw13,Mountain,Fixed_Damped_Momentum,10,1,271.11,11.6,4.28,100.0,1
Vw13,Mountain,Pure_Kinematics,10,1,271.11,22.88,8.44,100.0,1
Vw13,Mountain,Static_TCN,10,1,271.11,24.81,9.15,100.0,1
Vw14a,Mountain,Adaptive_Regime_Fusion,10,17,248.5,15.33,6.07,70.6,1
Vw14a,Mountain,Adaptive_Regime_Fusion,20,17,497.15,38.25,7.62,64.7,1
Vw14a,Mountain,Adaptive_Regime_Fusion,30,17,748.17,58.67,7.75,52.9,1
Vw14a,Mountain,Adaptive_Regime_Fusion,60,17,1511.05,130.38,8.54,58.8,1
Vw14a,Mountain,Fixed_Damped_Momentum,10,17,248.5,15.42,6.18,76.5,1
Vw14a,Mountain,Fixed_Damped_Momentum,20,17,497.15,49.21,9.95,58.8,1
Vw14a,Mountain,Fixed_Damped_Momentum,30,17,748.17,78.79,10.56,47.1,0
Vw14a,Mountain,Fixed_Damped_Momentum,60,17,1511.05,182.62,12.09,41.2,0
Vw14a,Mountain,Pure_Kinematics,10,17,248.5,10.89,4.43,94.1,1
Vw14a,Mountain,Pure_Kinematics,20,17,497.15,38.67,8.11,76.5,1
Vw14a,Mountain,Pure_Kinematics,30,17,748.17,83.2,11.46,52.9,0
Vw14a,Mountain,Pure_Kinematics,60,17,1511.05,312.63,21.06,17.6,0
Vw14a,Mountain,Static_TCN,10,17,248.5,15.57,6.09,76.5,1
Vw14a,Mountain,Static_TCN,20,17,497.15,31.78,6.3,82.4,1
Vw14a,Mountain,Static_TCN,30,17,748.17,49.62,6.53,82.4,1
Vw14a,Mountain,Static_TCN,60,17,1511.05,106.28,6.93,94.1,1
Vw14b,Mountain,Adaptive_Regime_Fusion,10,126,212.77,20.28,10.91,60.3,0
Vw14b,Mountain,Adaptive_Regime_Fusion,20,126,424.82,42.69,11.2,57.9,0
Vw14b,Mountain,Adaptive_Regime_Fusion,30,126,636.11,64.36,11.02,56.3,0
Vw14b,Mountain,Adaptive_Regime_Fusion,60,126,1264.45,120.96,10.19,59.5,0
Vw14b,Mountain,Fixed_Damped_Momentum,10,126,212.77,16.04,9.45,71.4,1
Vw14b,Mountain,Fixed_Damped_Momentum,20,126,424.82,40.17,11.17,64.3,0
Vw14b,Mountain,Fixed_Damped_Momentum,30,126,636.11,66.85,11.96,59.5,0
Vw14b,Mountain,Fixed_Damped_Momentum,60,126,1264.45,143.71,12.67,50.0,0
Vw14b,Mountain,Pure_Kinematics,10,126,212.77,16.48,11.13,72.2,0
Vw14b,Mountain,Pure_Kinematics,20,126,424.82,55.79,17.41,46.8,0
Vw14b,Mountain,Pure_Kinematics,30,126,636.11,119.21,24.01,30.2,0
Vw14b,Mountain,Pure_Kinematics,60,126,1264.45,432.82,42.48,11.9,0
Vw14b,Mountain,Static_TCN,10,126,212.77,26.42,14.09,46.8,0
Vw14b,Mountain,Static_TCN,20,126,424.82,48.05,12.6,50.8,0
Vw14b,Mountain,Static_TCN,30,126,636.11,67.36,11.63,52.4,0
Vw14b,Mountain,Static_TCN,60,126,1264.45,119.85,10.24,55.6,0
Vw15,Stationary,Adaptive_Regime_Fusion,10,5,0.22,0.18,0.0,100.0,1
Vw15,Stationary,Adaptive_Regime_Fusion,20,5,0.43,0.36,0.0,100.0,1
Vw15,Stationary,Adaptive_Regime_Fusion,30,5,0.62,0.4,0.0,100.0,1
Vw15,Stationary,Adaptive_Regime_Fusion,60,5,1.27,0.82,63.83,0.0,0
Vw15,Stationary,Fixed_Damped_Momentum,10,5,0.22,0.43,0.0,100.0,1
Vw15,Stationary,Fixed_Damped_Momentum,20,5,0.43,1.24,0.0,100.0,1
Vw15,Stationary,Fixed_Damped_Momentum,30,5,0.62,2.0,0.0,100.0,1
Vw15,Stationary,Fixed_Damped_Momentum,60,5,1.27,3.59,283.07,0.0,0
Vw15,Stationary,Pure_Kinematics,10,5,0.22,0.44,0.0,100.0,1
Vw15,Stationary,Pure_Kinematics,20,5,0.43,1.35,0.0,100.0,1
Vw15,Stationary,Pure_Kinematics,30,5,0.62,2.63,0.0,80.0,1
Vw15,Stationary,Pure_Kinematics,60,5,1.27,5.6,450.48,0.0,0
Vw15,Stationary,Static_TCN,10,5,0.22,0.21,0.0,100.0,1
Vw15,Stationary,Static_TCN,20,5,0.43,0.51,0.0,100.0,1
Vw15,Stationary,Static_TCN,30,5,0.62,0.64,0.0,100.0,1
Vw15,Stationary,Static_TCN,60,5,1.27,0.31,22.63,80.0,0
Vw16a,Mountain,Adaptive_Regime_Fusion,10,35,140.3,35.35,31.52,28.6,0
Vw16a,Mountain,Adaptive_Regime_Fusion,20,35,285.37,65.37,103.31,25.7,0
Vw16a,Mountain,Adaptive_Regime_Fusion,30,35,434.03,87.34,92.42,25.7,0
Vw16a,Mountain,Adaptive_Regime_Fusion,60,35,899.86,136.14,16.88,37.1,0
Vw16a,Mountain,Fixed_Damped_Momentum,10,35,140.3,28.11,22.68,22.9,0
Vw16a,Mountain,Fixed_Damped_Momentum,20,35,285.37,70.24,144.1,20.0,0
Vw16a,Mountain,Fixed_Damped_Momentum,30,35,434.03,112.96,145.2,20.0,0
Vw16a,Mountain,Fixed_Damped_Momentum,60,35,899.86,211.54,25.81,22.9,0
Vw16a,Mountain,Pure_Kinematics,10,35,140.3,25.96,21.9,42.9,0
Vw16a,Mountain,Pure_Kinematics,20,35,285.37,81.56,158.41,22.9,0
Vw16a,Mountain,Pure_Kinematics,30,35,434.03,148.55,212.56,20.0,0
Vw16a,Mountain,Pure_Kinematics,60,35,899.86,388.45,51.76,5.7,0
Vw16a,Mountain,Static_TCN,10,35,140.3,40.15,36.38,17.1,0
Vw16a,Mountain,Static_TCN,20,35,285.37,65.82,95.0,22.9,0
Vw16a,Mountain,Static_TCN,30,35,434.03,88.15,84.41,25.7,0
Vw16a,Mountain,Static_TCN,60,35,899.86,136.71,16.44,34.3,0
