timestamp_ms,accel_x,accel_y,accel_z,gyro_x,gyro_y,gyro_z,mag_x,mag_y,mag_z,gnss_lat,gnss_lon,gnss_alt,gnss_speed,gnss_bearing,gnss_accuracy,engine_state,ml_speed,heading_deg,pos_e,pos_n,pos_u,nhc_enabled,vnhc_enabled,compass_accepted,map_accepted
1788947202527,-0.1537,-0.201,9.856,-0.0032,-0.00426,-0.00013,-32.76,-30.06,-8.51,0.0,0.0,0.0,0.0,0.0,13.08,GNSS_LOCKED,0.33,114.55,-6.85,0.74,4.04,False,False,False,False
1788947202631,-0.1537,-0.2058,9.8345,-0.00053,-0.00053,-0.00067,-32.55,-29.48,-8.85,0.0,0.0,0.0,0.0,0.0,13.08,GNSS_LOCKED,0.33,113.72,-6.85,0.74,4.04,False,False,False,False
1788947202947,-0.0301,-2.5877,9.3296,0.07135,0.24222,0.03274,-32.42,-29.36,-8.94,0.0,0.0,0.0,0.0,0.0,12.72,GNSS_LOCKED,3.26,121.38,-1.62,0.4,1.4,False,False,False,False
1788947203051,-0.1753,-0.189,9.8465,-0.00107,0.00053,-0.00013,-32.49,-29.33,-9.15,0.0,0.0,0.0,0.0,0.0,12.72,GNSS_LOCKED,3.33,126.98,-2.79,0.47,2.11,False,False,False,False
1788947203163,-0.192,-0.213,9.8776,0.0,0.00373,-0.00013,-32.53,-29.78,-8.36,0.0,0.0,0.0,0.0,0.0,12.72,GNSS_LOCKED,3.26,126.47,-3.56,0.5,2.52,False,False,False,False
1788947213373,-0.1992,-0.1699,9.8608,-0.00213,-0.00053,-0.00013,-39.28,-17.06,-8.08,0.0,0.0,0.0,0.0,0.0,12.87,DEAD_RECKONING,3.13,34.06,-61.37,162.37,-0.07,False,True,False,False
1788947213485,-0.2207,-0.1603,9.8871,-0.00266,-0.0,-0.00013,-39.11,-17.49,-8.04,0.0,0.0,0.0,0.0,0.0,12.87,DEAD_RECKONING,3.13,33.91,-62.05,163.34,-0.08,False,True,False,False
1788947213599,-0.1681,-0.1603,9.8776,-0.00426,-0.00213,-0.00013,-39.98,-17.83,-7.33,0.0,0.0,0.0,0.0,0.0,12.87,DEAD_RECKONING,3.13,33.76,-62.75,164.28,-0.1,False,True,False,False
1788947213710,-0.1944,-0.1364,9.8919,-0.00373,-0.00426,0.00146,-39.71,-17.85,-7.52,0.0,0.0,0.0,0.0,0.0,12.87,DEAD_RECKONING,3.13,33.6,-63.47,165.2,-0.12,False,True,False,False
1788947213822,-0.1035,-0.2393,9.8225,-0.00426,-0.00426,-0.00013,-40.29,-17.57,-8.18,0.0,0.0,0.0,0.0,0.0,12.87,DEAD_RECKONING,3.13,33.44,-64.22,166.1,-0.14,False,True,False,False
1788947213934,-0.1298,-0.189,9.813,-0.00213,-0.00053,-0.00067,-40.54,-17.42,-7.26,0.0,0.0,0.0,0.0,0.0,11.86,REACQUIRING,3.13,17.43,-62.15,162.72,-0.12,False,False,False,False
1788947214043,-0.0628,-0.1603,9.7938,-0.0032,-0.00266,-0.0012,-40.11,-17.83,-8.59,0.0,0.0,0.0,0.0,0.0,11.86,GNSS_LOCKED,3.33,16.73,-61.58,161.12,-0.06,False,False,False,False
1788947214158,-0.1442,-0.1819,9.8632,-0.00053,0.0016,-0.00067,-39.79,-17.78,-8.06,0.0,0.0,0.0,0.0,0.0,11.86,GNSS_LOCKED,0.32,16.35,-61.05,159.56,-0.01,False,False,False,False
1788947214271,-0.1872,-0.146,9.8632,-0.00213,0.0016,-0.0012,-39.73,-16.93,-7.8,0.0,0.0,0.0,0.0,0.0,11.86,GNSS_LOCKED,0.34,16.06,-60.5,158.0,0.03,False,False,False,False
1788947214391,-0.1657,-0.1484,9.8632,-0.00266,-0.0,-0.00013,-40.52,-17.21,-8.53,0.0,0.0,0.0,0.0,0.0,11.86,GNSS_LOCKED,0.34,15.8,-59.96,156.46,0.06,False,False,False,False
1788947214500,-0.1466,-0.1555,9.8513,-0.00213,-0.00053,-0.00013,-40.91,-17.33,-8.89,0.0,0.0,0.0,0.0,0.0,11.86,GNSS_LOCKED,0.32,15.56,-59.42,154.93,0.09,False,False,False,False
1788947214621,-0.1226,-0.189,9.8297,-0.00266,0.00053,0.00093,-40.28,-17.78,-7.44,0.0,0.0,0.0,0.0,0.0,11.86,GNSS_LOCKED,0.28,15.33,-58.89,153.42,0.11,False,False,False,False
1788947214742,-0.1609,-0.1842,9.856,-0.00213,-0.00053,-0.00013,-40.09,-17.49,-7.74,0.0,0.0,0.0,0.0,0.0,11.86,GNSS_LOCKED,0.28,15.12,-58.37,151.93,0.14,False,False,False,False
1788947214862,-0.1513,-0.1627,9.868,-0.00213,-0.00053,-0.00013,-39.99,-17.59,-8.16,0.0,0.0,0.0,0.0,0.0,11.86,GNSS_LOCKED,0.26,14.96,-57.85,150.46,0.16,False,False,False,False
1788947214982,-0.1346,-0.1675,9.8441,-0.00213,-0.00053,-0.00013,-39.6,-17.57,-7.2,0.0,0.0,0.0,0.0,0.0,11.55,GNSS_LOCKED,0.28,14.81,-57.34,149.01,0.18,False,False,False,False
1788947215101,-0.1322,-0.1771,9.8489,-0.00213,0.00107,-0.00013,-40.2,-17.87,-8.03,0.0,0.0,0.0,0.0,0.0,11.55,GNSS_LOCKED,0.28,14.66,-56.84,147.58,0.21,False,False,False,False
1788947215223,-0.1681,-0.1675,9.8608,-0.00213,-0.0,-0.00013,-40.28,-17.48,-7.91,0.0,0.0,0.0,0.0,0.0,11.55,GNSS_LOCKED,0.32,14.56,-56.34,146.16,0.23,False,False,False,False
1788947215343,-0.1561,-0.1771,9.8465,-0.00107,0.00053,-0.00067,-39.98,-17.31,-7.65,0.0,0.0,0.0,0.0,0.0,11.55,GNSS_LOCKED,0.32,14.46,-55.85,144.76,0.25,False,False,False,False
1788947215463,-0.137,-0.1699,9.8369,-0.00213,0.00053,-0.0012,-39.83,-17.66,-8.1,0.0,0.0,0.0,0.0,0.0,11.55,GNSS_LOCKED,0.32,14.38,-55.37,143.38,0.28,False,False,False,False
1788947215582,-0.1609,-0.1771,9.8417,-0.00213,-0.0,-0.00013,-40.24,-18.19,-8.68,0.0,0.0,0.0,0.0,0.0,11.55,GNSS_LOCKED,0.32,14.31,-54.9,142.02,0.3,False,False,False,False
1788947215696,-0.1513,-0.1675,9.8513,-0.00213,0.00107,-0.00067,-40.07,-18.24,-8.04,0.0,0.0,0.0,0.0,0.0,11.55,GNSS_LOCKED,0.32,14.26,-54.43,140.67,0.32,False,False,False,False
1788947215818,-0.1537,-0.1484,9.7651,0.0,0.0032,-0.00067,-40.2,-18.41,-7.41,0.0,0.0,0.0,0.0,0.0,11.55,GNSS_LOCKED,0.32,14.22,-53.97,139.34,0.35,False,False,False,False
1788947215940,-0.1466,-0.1484,9.8034,-0.0032,-0.00426,-0.00013,-39.86,-17.06,-8.01,0.0,0.0,0.0,0.0,0.0,11.62,DEAD_RECKONING,0.32,13.78,-53.94,139.28,0.32,True,True,False,False
1788947216046,-0.1513,-0.1531,9.856,-0.00266,-0.00107,-0.00013,-40.18,-17.1,-9.26,0.0,0.0,0.0,0.0,0.0,11.62,DEAD_RECKONING,0.32,13.03,-53.9,139.17,0.27,True,True,False,False
1788947216163,-0.2088,-0.0766,9.8393,0.0032,0.01212,0.00573,-40.14,-17.78,-7.71,0.0,0.0,0.0,0.0,0.0,11.62,DEAD_RECKONING,0.34,11.96,-53.86,139.02,0.22,True,True,False,False
1788947216283,-0.1777,0.0102,9.8967,0.00799,-0.0032,1.06124,-40.48,-16.07,-7.63,0.0,0.0,0.0,0.0,0.0,11.62,DEAD_RECKONING,12.51,5.09,-53.79,138.82,0.13,True,False,False,False
1788947216406,-1.2502,0.5198,9.7723,0.03089,0.02863,2.01436,-41.87,-10.16,-8.23,0.0,0.0,0.0,0.0,0.0,11.62,DEAD_RECKONING,10.96,351.51,-53.71,138.55,0.02,True,False,False,False
1788947216527,1.0415,-2.4467,9.856,0.04421,0.04514,2.9005,-43.24,1.8,-8.57,0.0,0.0,0.0,0.0,0.0,11.62,DEAD_RECKONING,9.95,330.01,-53.6,138.23,-0.12,True,False,False,True
1788947216646,-0.3691,-0.7226,9.8656,0.00692,0.00053,0.81677,-41.76,13.09,-8.31,0.0,0.0,0.0,0.0,0.0,11.62,DEAD_RECKONING,9.23,324.04,-53.46,137.87,-0.27,True,False,False,False
1788947216766,-0.2088,-0.0861,9.8201,0.00373,0.00479,0.31784,-39.24,19.88,-8.12,0.0,0.0,0.0,0.0,0.0,11.62,DEAD_RECKONING,8.8,321.5,-53.3,137.46,-0.43,True,False,False,False
1788947216877,-0.2112,-0.0981,9.8154,0.00959,0.00373,0.60905,-38.81,21.43,-7.97,0.0,0.0,0.0,0.0,0.0,11.62,DEAD_RECKONING,8.86,316.97,-53.11,137.0,-0.62,True,False,False,False
1788947216996,0.055,-0.2273,9.8178,0.00373,0.00426,0.37802,-37.41,23.85,-8.64,0.0,0.0,0.0,0.0,0.0,11.69,DEAD_RECKONING,8.49,314.03,-52.91,136.49,-0.81,True,False,False,False
1788947217110,-0.0867,-0.1029,9.8345,-0.00373,-0.00213,0.0004,-36.41,25.99,-8.42,0.0,0.0,0.0,0.0,0.0,11.69,DEAD_RECKONING,8.51,313.57,-52.69,135.93,-1.03,False,False,False,False
1788947217225,-0.1609,-0.1603,9.8345,-0.00479,0.00053,-0.00013,-35.96,25.71,-7.89,0.0,0.0,0.0,0.0,0.0,11.69,DEAD_RECKONING,8.51,313.12,-52.46,135.34,-1.25,False,False,False,False
1788947217350,-0.1442,-0.2201,9.8154,-0.0016,0.00053,-0.00013,-35.93,25.89,-7.07,0.0,0.0,0.0,0.0,0.0,11.69,DEAD_RECKONING,8.46,312.67,-52.21,134.7,-1.49,False,False,False,False
1788947217471,-0.0724,-0.1244,9.8297,0.0,-0.0,-0.00067,-35.34,26.23,-8.42,0.0,0.0,0.0,0.0,0.0,11.69,DEAD_RECKONING,8.45,312.21,-51.94,134.01,-1.73,False,False,False,False
1788947217593,-0.0915,-0.1005,9.8345,-0.00213,-0.0,-0.00013,-35.1,26.36,-7.74,0.0,0.0,0.0,0.0,0.0,11.69,DEAD_RECKONING,8.54,311.75,-51.66,133.29,-1.98,False,False,False,False
1788947217712,-0.1466,-0.1268,9.8608,-0.0032,0.00107,-0.00067,-35.91,25.8,-8.03,0.0,0.0,0.0,0.0,0.0,11.69,DEAD_RECKONING,11.53,311.28,-51.37,132.51,-2.25,False,False,False,False
1788947217837,-0.1178,-0.1388,9.8393,-0.00373,-0.00053,-0.00067,-36.02,25.74,-7.52,0.0,0.0,0.0,0.0,0.0,11.69,DEAD_RECKONING,11.53,310.81,-51.06,131.7,-2.53,False,False,False,False
1788947217960,-0.0843,-0.1507,9.8393,-0.0032,0.00053,-0.00067,-35.55,25.59,-7.95,0.0,0.0,0.0,0.0,0.0,12.3,DEAD_RECKONING,11.53,310.34,-50.74,130.85,-2.81,False,False,False,False
1788947218087,-0.0867,-0.1507,9.8249,-0.0016,0.00053,-0.00013,-36.34,25.95,-8.21,0.0,0.0,0.0,0.0,0.0,12.3,DEAD_RECKONING,11.05,309.85,-50.42,129.96,-3.08,False,False,False,False
1788947218214,-0.1131,-0.1244,9.8417,-0.00213,0.00107,-0.0012,-35.64,26.81,-7.09,0.0,0.0,0.0,0.0,0.0,12.3,DEAD_RECKONING,0.19,309.37,-50.22,129.15,-3.23,False,False,False,False
1788947218335,-0.1178,-0.1603,9.8345,-0.00107,0.00053,-0.00013,-35.85,26.19,-7.26,0.0,0.0,0.0,0.0,0.0,12.3,DEAD_RECKONING,0.19,308.88,-50.03,128.32,-3.35,False,False,False,False
1788947218451,-0.0891,-0.134,9.8441,-0.0032,0.00053,-0.00067,-35.64,26.04,-8.83,0.0,0.0,0.0,0.0,0.0,12.3,DEAD_RECKONING,0.19,308.38,-49.86,127.47,-3.44,False,False,False,False
1788947218572,-0.082,-0.1412,9.8321,-0.00213,0.00053,-0.00013,-35.63,26.1,-7.65,0.0,0.0,0.0,0.0,0.0,12.3,DEAD_RECKONING,0.19,307.88,-49.72,126.61,-3.51,False,False,False,False
1788947218698,-0.1107,-0.1412,9.8536,-0.00213,0.00053,-0.00013,-35.98,26.14,-7.2,0.0,0.0,0.0,0.0,0.0,12.3,DEAD_RECKONING,0.19,307.37,-49.6,125.72,-3.54,False,False,False,False
1788947218819,-0.1178,-0.1436,9.856,-0.00266,0.00213,-0.0012,-35.89,26.74,-7.78,0.0,0.0,0.0,0.0,0.0,12.3,DEAD_RECKONING,0.19,306.87,-49.52,124.82,-3.54,False,False,False,False
1788947218943,-0.1202,-0.1412,9.8321,-0.00213,0.00213,-0.00067,-36.34,26.34,-7.56,0.0,0.0,0.0,0.0,0.0,12.47,DEAD_RECKONING,0.19,306.35,-49.46,123.91,-3.51,False,False,False,False
1788947219069,-0.1298,-0.1053,9.8536,-0.00213,-0.00479,-0.00013,-35.27,25.97,-7.82,0.0,0.0,0.0,0.0,0.0,12.47,DEAD_RECKONING,0.19,305.82,-49.43,122.97,-3.45,False,False,False,False
1788947219204,-0.1083,-0.0455,9.8584,-0.00852,-0.03089,0.00093,-35.64,26.36,-7.03,0.0,0.0,0.0,0.0,0.0,12.47,REACQUIRING,0.19,308.51,-50.57,127.1,-0.01,False,False,False,False
1788947219317,-0.1011,-0.0861,9.8656,-0.00533,-0.00479,-0.00013,-36.04,26.12,-8.04,0.0,0.0,0.0,0.0,0.0,12.47,GNSS_LOCKED,0.19,300.75,-47.36,117.22,-0.93,False,False,False,False
1788947219428,-0.0915,-0.1053,9.8513,-0.00533,-0.00266,-0.0012,-35.83,25.78,-8.14,0.0,0.0,0.0,0.0,0.0,12.47,GNSS_LOCKED,0.19,293.77,-44.48,108.49,-1.59,False,False,False,False
1788947219547,-0.125,-0.1962,9.8034,-0.00479,-0.0,-0.00013,-36.09,26.01,-8.61,0.0,0.0,0.0,0.0,0.0,12.47,GNSS_LOCKED,0.14,287.91,-41.98,100.95,-2.05,False,False,False,False
1788947219670,-0.1011,-0.1986,9.7579,-0.00479,0.00107,-0.00013,-35.94,26.27,-8.12,0.0,0.0,0.0,0.0,0.0,12.47,GNSS_LOCKED,0.33,283.18,-39.79,94.42,-2.36,False,False,False,False
1788947219791,-0.1083,-0.1196,9.8584,0.00107,-0.0,-0.00013,-35.81,26.36,-8.53,0.0,0.0,0.0,0.0,0.0,12.47,GNSS_LOCKED,0.23,279.4,-37.87,88.71,-2.56,False,False,False,False
1788947219910,-0.1155,-0.0239,9.8967,-0.00373,0.0016,-0.00013,-36.62,26.06,-8.04,0.0,0.0,0.0,0.0,0.0,12.67,GNSS_LOCKED,0.23,276.35,-36.17,83.67,-2.68,False,False,False,False
1788947220021,-0.1418,-0.1651,9.8536,-0.00799,0.00053,-0.00013,-36.39,25.74,-7.46,0.0,0.0,0.0,0.0,0.0,12.67,GNSS_LOCKED,0.23,273.89,-34.64,79.18,-2.76,False,False,False,False
1788947220132,-0.1466,-0.1196,9.8632,-0.00479,0.00053,-0.00013,-35.53,25.97,-7.24,0.0,0.0,0.0,0.0,0.0,12.67,GNSS_LOCKED,0.23,271.88,-33.27,75.17,-2.79,False,False,False,False
1788947220249,-0.0341,-0.1412,9.8225,0.00107,-0.0016,0.00093,-35.31,26.29,-7.76,0.0,0.0,0.0,0.0,0.0,12.67,GNSS_LOCKED,0.23,270.22,-32.03,71.55,-2.8,False,False,False,False
1788947220371,-0.0293,0.0365,9.935,0.00426,0.0016,-0.00013,-35.68,25.61,-7.82,0.0,0.0,0.0,0.0,0.0,12.67,GNSS_LOCKED,0.23,268.79,-30.9,68.26,-2.78,False,False,False,False
1788947220493,-0.259,-0.0455,9.8919,-0.00266,0.00107,-0.00013,-36.15,26.29,-7.29,0.0,0.0,0.0,0.0,0.0,12.67,GNSS_LOCKED,0.23,267.57,-29.87,65.27,-2.75,False,False,False,False
1788947220618,-0.125,-0.1747,9.8249,-0.00586,0.00053,-0.0012,-36.13,26.31,-7.2,0.0,0.0,0.0,0.0,0.0,12.67,GNSS_LOCKED,0.23,266.55,-28.92,62.52,-2.71,False,False,False,False
1788947220743,0.0239,-0.1938,9.7938,-0.00213,0.00053,-0.00067,-36.56,26.06,-8.59,0.0,0.0,0.0,0.0,0.0,12.67,GNSS_LOCKED,0.23,265.66,-28.05,60.01,-2.65,False,False,False,False
1788947220863,-0.2088,-0.0694,9.8728,-0.00053,0.00053,-0.00013,-36.68,26.46,-8.66,0.0,0.0,0.0,0.0,0.0,12.67,GNSS_LOCKED,0.23,264.84,-27.24,57.68,-2.59,False,False,False,False
1788947220990,-0.1178,-0.1436,9.8536,-0.0032,-0.0,-0.00013,-35.61,25.44,-8.78,0.0,0.0,0.0,0.0,0.0,12.32,GNSS_LOCKED,0.23,264.1,-26.5,55.53,-2.52,False,False,False,False
1788947221110,-0.0221,-0.1579,9.8249,-0.00213,-0.00053,-0.00067,-36.13,25.69,-7.46,0.0,0.0,0.0,0.0,0.0,12.32,GNSS_LOCKED,0.33,263.41,-25.8,53.54,-2.45,False,False,False,False
1788947221230,-0.1346,-0.1531,9.8536,-0.00107,0.00107,-0.00013,-35.93,25.74,-7.93,0.0,0.0,0.0,0.0,0.0,12.32,GNSS_LOCKED,0.33,262.77,-25.15,51.68,-2.38,False,False,False,False
1788947221350,-0.1657,-0.122,9.8632,-0.00107,0.00053,-0.00013,-35.68,26.44,-7.8,0.0,0.0,0.0,0.0,0.0,12.32,GNSS_LOCKED,0.33,262.14,-24.54,49.94,-2.3,False,False,False,False
1788947221471,-0.0724,-0.134,9.8393,-0.00213,-0.00107,-0.00013,-35.53,26.81,-8.51,0.0,0.0,0.0,0.0,0.0,12.32,GNSS_LOCKED,0.33,261.53,-23.97,48.32,-2.22,False,False,False,False
1788947221596,-0.0676,-0.1412,9.8273,-0.00266,-0.0,-0.00067,-35.64,26.44,-7.67,0.0,0.0,0.0,0.0,0.0,12.32,GNSS_LOCKED,0.33,260.94,-23.44,46.79,-2.14,False,False,False,False
1788947221716,-0.1442,-0.1388,9.8608,-0.00107,0.00053,-0.00013,-35.57,26.7,-8.61,0.0,0.0,0.0,0.0,0.0,12.32,GNSS_LOCKED,0.33,260.35,-22.93,45.36,-2.06,False,False,False,False
1788947221836,-0.0772,-0.1388,9.8441,-0.0016,0.00053,-0.0012,-34.91,25.93,-7.48,0.0,0.0,0.0,0.0,0.0,12.32,GNSS_LOCKED,0.33,259.78,-22.46,44.01,-1.99,False,False,False,False
1788947221952,-0.0652,-0.1412,9.8441,-0.00213,-0.0,-0.00067,-35.34,26.14,-8.64,0.0,0.0,0.0,0.0,0.0,11.46,GNSS_LOCKED,0.33,259.2,-22.01,42.74,-1.91,False,False,False,False
1788947222078,-0.1011,-0.1388,9.8201,-0.0016,0.0016,-0.00067,-36.47,26.42,-8.53,0.0,0.0,0.0,0.0,0.0,11.46,GNSS_LOCKED,0.33,258.62,-21.59,41.54,-1.83,False,False,False,False
1788947222202,-0.1346,-0.1388,9.8465,-0.00107,0.00107,-0.00067,-36.45,26.16,-8.78,0.0,0.0,0.0,0.0,0.0,11.46,GNSS_LOCKED,0.33,258.05,-21.18,40.4,-1.75,False,False,False,False
1788947222324,-0.0676,-0.1364,9.8417,-0.00213,0.00053,0.0004,-36.17,26.34,-9.02,0.0,0.0,0.0,0.0,0.0,11.46,GNSS_LOCKED,0.33,257.47,-20.8,39.32,-1.67,False,False,False,False
1788947222446,-0.1155,-0.1388,9.8441,-0.00107,0.00053,0.0004,-35.89,26.42,-8.25,0.0,0.0,0.0,0.0,0.0,11.46,GNSS_LOCKED,0.33,256.88,-20.44,38.29,-1.59,False,False,False,False
1788947222567,-0.1274,-0.1268,9.8584,-0.00107,0.00053,-0.00013,-35.66,25.69,-7.37,0.0,0.0,0.0,0.0,0.0,11.46,GNSS_LOCKED,0.33,256.29,-20.09,37.32,-1.52,False,False,False,False
1788947222694,-0.0915,-0.1268,9.8441,-0.00213,-0.0,-0.00067,-35.57,26.49,-6.69,0.0,0.0,0.0,0.0,0.0,11.46,GNSS_LOCKED,0.33,255.71,-19.76,36.39,-1.44,False,False,False,False
1788947222815,-0.0987,-0.1436,9.8417,-0.00213,0.00053,-0.00067,-35.72,26.44,-8.31,0.0,0.0,0.0,0.0,0.0,11.46,GNSS_LOCKED,0.33,255.12,-19.45,35.51,-1.37,False,False,False,False
1788947222939,-0.1202,-0.1412,9.8465,-0.00107,0.00053,-0.00013,-36.41,26.34,-8.57,0.0,0.0,0.0,0.0,0.0,11.67,GNSS_LOCKED,0.33,254.53,-19.15,34.66,-1.3,False,False,False,False
1788947223063,-0.0963,-0.1316,9.8584,-0.0016,0.00053,-0.0012,-36.23,26.51,-7.8,0.0,0.0,0.0,0.0,0.0,11.67,GNSS_LOCKED,0.33,253.94,-18.86,33.85,-1.23,False,False,False,False
1788947223181,-0.0939,-0.134,9.8489,-0.0016,0.00053,-0.00013,-35.76,26.46,-8.44,0.0,0.0,0.0,0.0,0.0,11.67,GNSS_LOCKED,0.19,253.34,-18.59,33.08,-1.16,False,False,False,False
1788947223302,-0.1035,-0.1196,9.8393,-0.00107,-0.0,-0.00013,-35.89,26.78,-7.76,0.0,0.0,0.0,0.0,0.0,11.67,GNSS_LOCKED,0.14,252.74,-18.33,32.34,-1.09,False,False,False,False
1788947223424,-0.1059,-0.1364,9.8513,-0.00107,0.00053,-0.00013,-35.51,26.55,-8.61,0.0,0.0,0.0,0.0,0.0,11.67,GNSS_LOCKED,0.14,252.14,-18.07,31.63,-1.02,False,False,False,False
1788947223549,-0.0987,-0.1316,9.8441,-0.00107,0.00053,-0.00013,-35.08,26.34,-8.01,0.0,0.0,0.0,0.0,0.0,11.67,GNSS_LOCKED,0.14,251.54,-17.83,30.96,-0.95,False,False,False,False
1788947223671,-0.1059,-0.1292,9.8393,-0.0016,0.00053,-0.00013,-35.01,26.14,-8.23,0.0,0.0,0.0,0.0,0.0,11.67,GNSS_LOCKED,0.14,250.93,-17.6,30.3,-0.89,False,False,False,False
1788947223786,-0.1011,-0.1531,9.8489,-0.00107,0.00053,-0.00013,-36.15,25.69,-7.67,0.0,0.0,0.0,0.0,0.0,11.67,GNSS_LOCKED,0.14,250.33,-17.37,29.68,-0.82,False,False,False,False
1788947223909,-0.1107,-0.1388,9.8321,-0.00107,0.00053,-0.00013,-36.17,26.27,-7.48,0.0,0.0,0.0,0.0,0.0,11.67,GNSS_LOCKED,0.14,249.73,-17.16,29.07,-0.76,False,False,False,False
1788947224023,-0.1107,-0.1268,9.8417,-0.00107,-0.00053,-0.00013,-36.08,26.25,-7.88,0.0,0.0,0.0,0.0,0.0,10.59,GNSS_LOCKED,0.14,249.12,-16.95,28.49,-0.7,False,False,False,False
1788947224150,-0.1178,-0.1196,9.8489,-0.00107,0.00053,-0.00013,-36.66,25.71,-8.42,0.0,0.0,0.0,0.0,0.0,10.59,GNSS_LOCKED,0.14,248.52,-16.75,27.93,-0.64,False,False,False,False
1788947224271,-0.0867,-0.134,9.8417,-0.00107,0.00053,-0.00013,-36.17,26.21,-8.16,0.0,0.0,0.0,0.0,0.0,10.59,GNSS_LOCKED,0.14,247.92,-16.56,27.39,-0.58,False,False,False,False
1788947224399,-0.0963,-0.1484,9.8417,-0.00107,0.00053,0.0004,-35.98,26.01,-7.39,0.0,0.0,0.0,0.0,0.0,10.59,GNSS_LOCKED,0.14,247.31,-16.37,26.87,-0.52,False,False,False,False
1788947224522,-0.1178,-0.134,9.8441,-0.00213,0.00107,-0.00013,-36.56,26.01,-7.56,0.0,0.0,0.0,0.0,0.0,10.59,GNSS_LOCKED,0.14,246.71,-16.19,26.37,-0.46,False,False,False,False
1788947224644,-0.1226,-0.1316,9.8417,-0.00107,0.00053,-0.00013,-36.34,26.04,-7.8,0.0,0.0,0.0,0.0,0.0,10.59,GNSS_LOCKED,0.14,246.11,-16.02,25.89,-0.4,False,False,False,False
1788947224766,-0.0987,-0.1292,9.8465,-0.00213,0.00053,-0.00013,-36.43,26.36,-8.93,0.0,0.0,0.0,0.0,0.0,10.59,GNSS_LOCKED,0.14,245.51,-15.85,25.42,-0.35,False,False,False,False
1788947224886,-0.1202,-0.1436,9.8393,-0.00053,0.00053,-0.00013,-36.19,26.36,-9.17,0.0,0.0,0.0,0.0,0.0,10.59,GNSS_LOCKED,0.14,244.91,-15.68,24.96,-0.29,False,False,False,False
1788947225010,-0.1178,-0.1364,9.8441,-0.00107,0.00107,-0.00013,-35.83,26.7,-7.28,0.0,0.0,0.0,0.0,0.0,10.76,GNSS_LOCKED,0.14,244.31,-15.53,24.53,-0.24,False,False,False,False
1788947225135,-0.0963,-0.1316,9.8441,-0.0016,-0.0,-0.00013,-36.24,26.91,-8.04,0.0,0.0,0.0,0.0,0.0,10.76,GNSS_LOCKED,0.14,243.71,-15.37,24.1,-0.18,False,False,False,False
1788947225259,-0.1107,-0.1268,9.8369,-0.00213,0.00053,-0.00013,-36.04,26.51,-8.33,0.0,0.0,0.0,0.0,0.0,10.76,GNSS_LOCKED,0.14,243.11,-15.23,23.69,-0.13,False,False,False,False
1788947225372,-0.1131,-0.1292,9.8441,-0.0016,0.00053,-0.00013,-35.79,26.68,-8.76,0.0,0.0,0.0,0.0,0.0,10.76,GNSS_LOCKED,0.14,242.52,-15.08,23.29,-0.08,False,False,False,False
1788947225487,-0.1083,-0.1364,9.8465,-0.0016,0.00053,-0.00013,-36.39,27.17,-9.49,0.0,0.0,0.0,0.0,0.0,10.76,GNSS_LOCKED,0.14,241.92,-14.94,22.9,-0.03,False,False,False,False
1788947225607,-0.0987,-0.134,9.8345,-0.00107,0.00053,-0.00013,-35.7,25.59,-8.79,0.0,0.0,0.0,0.0,0.0,10.76,GNSS_LOCKED,0.14,241.33,-14.81,22.53,0.02,False,False,False,False
1788947225727,-0.0915,-0.146,9.8417,-0.00213,0.00053,-0.00013,-35.74,26.64,-8.49,0.0,0.0,0.0,0.0,0.0,10.76,GNSS_LOCKED,0.14,240.74,-14.68,22.16,0.07,False,False,False,False
1788947225849,-0.1083,-0.1388,9.8393,-0.00107,-0.0,-0.00013,-36.3,26.72,-8.68,0.0,0.0,0.0,0.0,0.0,10.76,GNSS_LOCKED,0.14,240.15,-14.55,21.81,0.11,False,False,False,False
1788947225972,-0.1011,-0.1316,9.8369,-0.0016,-0.0,-0.00013,-36.36,26.49,-8.27,0.0,0.0,0.0,0.0,0.0,9.74,GNSS_LOCKED,0.14,239.56,-14.42,21.47,0.16,False,False,False,False
1788947226096,-0.0939,-0.1268,9.8489,-0.00213,0.00053,-0.00013,-35.53,26.96,-8.64,0.0,0.0,0.0,0.0,0.0,9.74,GNSS_LOCKED,0.14,238.97,-14.3,21.13,0.21,False,False,False,False
1788947226207,-0.1226,-0.1364,9.8441,-0.00213,0.00053,-0.00013,-36.0,26.55,-9.23,0.0,0.0,0.0,0.0,0.0,9.74,GNSS_LOCKED,0.14,238.38,-14.18,20.8,0.25,False,False,False,False
1788947226326,-0.1202,-0.146,9.8489,-0.0016,-0.0,-0.00013,-36.51,26.31,-8.46,0.0,0.0,0.0,0.0,0.0,9.74,GNSS_LOCKED,0.14,237.79,-14.07,20.49,0.3,False,False,False,False
1788947226446,-0.1083,-0.1364,9.8489,-0.00107,0.00053,-0.00013,-35.98,25.97,-7.97,0.0,0.0,0.0,0.0,0.0,9.74,GNSS_LOCKED,0.14,237.2,-13.96,20.18,0.34,False,False,False,False
1788947226566,-0.1107,-0.1316,9.8536,-0.00107,0.00053,-0.00013,-35.27,26.31,-7.48,0.0,0.0,0.0,0.0,0.0,9.74,GNSS_LOCKED,0.14,236.62,-13.85,19.88,0.39,False,False,False,False
1788947226688,-0.1155,-0.1364,9.8489,-0.00213,0.00053,-0.00013,-36.49,26.89,-8.19,0.0,0.0,0.0,0.0,0.0,9.74,GNSS_LOCKED,0.14,236.03,-13.74,19.59,0.43,False,False,False,False
1788947226798,-0.1083,-0.1507,9.8345,-0.00213,-0.00053,-0.00013,-35.79,26.68,-8.78,0.0,0.0,0.0,0.0,0.0,9.74,GNSS_LOCKED,0.14,235.45,-13.64,19.3,0.47,False,False,False,False
1788947226919,-0.1107,-0.1364,9.8345,-0.0016,0.00053,-0.00013,-35.64,25.82,-8.29,0.0,0.0,0.0,0.0,0.0,9.62,GNSS_LOCKED,0.14,234.86,-13.54,19.02,0.51,False,False,False,False
1788947227030,-0.0987,-0.1436,9.8489,-0.0016,0.00053,-0.00013,-36.02,25.71,-7.93,0.0,0.0,0.0,0.0,0.0,9.62,GNSS_LOCKED,0.14,234.28,-13.44,18.75,0.55,False,False,False,False
1788947227151,-0.1059,-0.1292,9.8441,-0.0016,0.00053,-0.00013,-36.43,26.55,-8.36,0.0,0.0,0.0,0.0,0.0,9.62,GNSS_LOCKED,0.14,233.71,-13.35,18.49,0.59,False,False,False,False
1788947227275,-0.1083,-0.134,9.8345,-0.0016,-0.00053,-0.00013,-35.64,26.12,-8.81,0.0,0.0,0.0,0.0,0.0,9.62,GNSS_LOCKED,0.14,233.12,-13.25,18.23,0.63,False,False,False,False
1788947227398,-0.1107,-0.146,9.8513,-0.00107,-0.0,-0.00013,-35.03,25.95,-7.65,0.0,0.0,0.0,0.0,0.0,9.62,GNSS_LOCKED,0.14,232.55,-13.16,17.98,0.67,False,False,False,False
1788947227512,-0.1178,-0.146,9.8536,-0.00213,0.00053,-0.00013,-36.0,25.86,-7.65,0.0,0.0,0.0,0.0,0.0,9.62,GNSS_LOCKED,0.14,231.97,-13.07,17.73,0.71,False,False,False,False
1788947227631,-0.1107,-0.1388,9.8608,-0.00213,0.00053,-0.00013,-35.7,27.15,-8.21,0.0,0.0,0.0,0.0,0.0,9.62,GNSS_LOCKED,0.14,231.39,-12.98,17.49,0.75,False,False,False,False
1788947227754,-0.1011,-0.1436,9.8441,-0.00213,-0.0,-0.00013,-35.76,26.44,-8.34,0.0,0.0,0.0,0.0,0.0,9.62,GNSS_LOCKED,0.14,230.81,-12.9,17.26,0.78,False,False,False,False
1788947227878,-0.1131,-0.1388,9.8345,-0.00213,0.00053,-0.00013,-36.02,25.69,-7.63,0.0,0.0,0.0,0.0,0.0,9.62,GNSS_LOCKED,0.14,230.24,-12.81,17.03,0.82,False,False,False,False
1788947227998,-0.1035,-0.1388,9.8513,-0.00107,0.00053,-0.00013,-36.62,26.12,-8.48,0.0,0.0,0.0,0.0,0.0,9.32,GNSS_LOCKED,0.14,229.66,-12.73,16.81,0.85,False,False,False,False
1788947228112,-0.1035,-0.1507,9.8417,-0.00213,0.00053,-0.00013,-35.74,25.69,-7.91,0.0,0.0,0.0,0.0,0.0,9.32,GNSS_LOCKED,0.14,229.09,-12.65,16.59,0.89,False,False,False,False
1788947228238,-0.1083,-0.134,9.8417,-0.00213,0.00053,-0.00013,-35.66,26.1,-8.04,0.0,0.0,0.0,0.0,0.0,9.32,GNSS_LOCKED,0.14,228.52,-12.57,16.37,0.92,False,False,False,False
1788947228359,-0.1107,-0.1364,9.8441,-0.0016,0.00053,-0.00013,-36.02,26.33,-8.55,0.0,0.0,0.0,0.0,0.0,9.32,GNSS_LOCKED,0.14,227.95,-12.5,16.16,0.96,False,False,False,False
1788947228478,-0.1059,-0.134,9.8465,-0.00213,0.00107,-0.00013,-35.96,26.16,-8.64,0.0,0.0,0.0,0.0,0.0,9.32,GNSS_LOCKED,0.14,227.38,-12.42,15.96,0.99,False,False,False,False
1788947228598,-0.1011,-0.1244,9.8536,-0.00213,-0.00053,-0.00013,-36.0,26.61,-8.81,0.0,0.0,0.0,0.0,0.0,9.32,GNSS_LOCKED,0.14,226.8,-12.35,15.75,1.03,False,False,False,False
1788947228720,-0.1131,-0.1412,9.8441,-0.00213,-0.0,-0.00013,-36.0,26.76,-8.12,0.0,0.0,0.0,0.0,0.0,9.32,GNSS_LOCKED,0.14,226.23,-12.28,15.56,1.06,False,False,False,False
1788947228840,-0.1059,-0.1436,9.8536,-0.0016,-0.00053,0.0004,-35.85,26.25,-8.34,0.0,0.0,0.0,0.0,0.0,9.32,GNSS_LOCKED,0.14,225.66,-12.21,15.36,1.09,False,False,False,False
1788947228964,-0.1131,-0.1436,9.8513,-0.00213,0.00053,-0.00067,-35.93,26.12,-8.61,0.0,0.0,0.0,0.0,0.0,8.41,GNSS_LOCKED,0.14,225.09,-12.14,15.18,1.12,False,False,False,False
1788947229079,-0.1107,-0.1436,9.856,-0.00266,0.00053,-0.00013,-35.78,26.16,-8.4,0.0,0.0,0.0,0.0,0.0,8.41,GNSS_LOCKED,0.14,224.52,-12.07,14.99,1.15,False,False,False,False
1788947229197,-0.1178,-0.1244,9.8465,-0.00213,0.00053,-0.00013,-35.25,26.31,-8.14,0.0,0.0,0.0,0.0,0.0,8.41,GNSS_LOCKED,0.14,223.95,-12.0,14.81,1.19,False,False,False,False
1788947229318,-0.1131,-0.146,9.8465,-0.00213,-0.0,-0.00067,-35.85,26.51,-9.34,0.0,0.0,0.0,0.0,0.0,8.41,GNSS_LOCKED,0.14,223.38,-11.94,14.63,1.22,False,False,False,False
1788947229434,-0.1035,-0.1244,9.8704,-0.00213,0.00107,-0.00067,-35.74,26.29,-8.94,0.0,0.0,0.0,0.0,0.0,8.41,GNSS_LOCKED,0.14,222.82,-11.87,14.46,1.25,False,False,False,False
1788947229556,-0.1107,-0.1388,9.8632,-0.00107,0.00053,-0.00013,-36.28,25.84,-9.28,0.0,0.0,0.0,0.0,0.0,8.41,GNSS_LOCKED,0.14,222.25,-11.81,14.29,1.28,False,False,False,False
1788947229679,-0.1155,-0.1507,9.8536,-0.00213,-0.0,-0.0012,-35.87,26.4,-9.77,0.0,0.0,0.0,0.0,0.0,8.41,GNSS_LOCKED,0.14,221.69,-11.75,14.12,1.3,False,False,False,False
1788947229799,-0.1059,-0.1388,9.8536,-0.00213,-0.0,-0.00067,-36.19,26.55,-8.36,0.0,0.0,0.0,0.0,0.0,8.41,GNSS_LOCKED,0.14,221.12,-11.69,13.95,1.33,False,False,False,False
1788947229918,-0.0987,-0.1388,9.8489,-0.00266,0.00053,-0.00013,-35.48,27.02,-7.44,0.0,0.0,0.0,0.0,0.0,9.28,GNSS_LOCKED,0.14,220.56,-11.63,13.79,1.36,False,False,False,False
1788947230030,-0.1059,-0.134,9.8632,-0.00213,0.00107,-0.00013,-35.51,25.86,-7.97,0.0,0.0,0.0,0.0,0.0,9.28,GNSS_LOCKED,0.14,219.99,-11.57,13.63,1.39,False,False,False,False
1788947230151,-0.1131,-0.1507,9.8513,-0.0032,0.00053,-0.00067,-36.02,26.29,-7.95,0.0,0.0,0.0,0.0,0.0,9.28,GNSS_LOCKED,0.14,219.43,-11.51,13.48,1.42,False,False,False,False
1788947230273,-0.0556,-0.1268,9.8536,-0.00213,0.00107,0.0004,-36.28,25.93,-7.89,0.0,0.0,0.0,0.0,0.0,9.28,GNSS_LOCKED,0.14,218.87,-11.46,13.32,1.44,False,False,False,False
1788947230393,-0.1178,-0.1388,9.8513,-0.0016,0.00053,0.0004,-35.59,26.25,-8.04,0.0,0.0,0.0,0.0,0.0,9.28,GNSS_LOCKED,0.14,218.31,-11.4,13.17,1.47,False,False,False,False
1788947230510,-0.1322,-0.1172,9.8584,-0.0004,0.00013,-0.00053,-35.98,26.25,-7.86,0.0,0.0,0.0,0.0,0.0,9.28,GNSS_LOCKED,0.14,217.74,-11.35,13.03,1.5,False,False,False,False
1788947230630,-0.1035,-0.1555,9.8465,-0.00146,0.00013,0.0,-35.7,26.83,-7.82,0.0,0.0,0.0,0.0,0.0,9.28,GNSS_LOCKED,0.14,217.18,-11.3,12.88,1.52,False,False,False,False
1788947230750,-0.082,-0.1699,9.8369,0.00013,0.00013,0.0,-35.59,27.08,-8.64,0.0,0.0,0.0,0.0,0.0,9.28,GNSS_LOCKED,0.14,216.61,-11.24,12.74,1.55,False,False,False,False
1788947230863,-0.0987,-0.1507,9.8393,-0.0004,0.00067,0.0,-35.42,26.85,-9.04,0.0,0.0,0.0,0.0,0.0,9.28,GNSS_LOCKED,0.14,216.05,-11.19,12.6,1.58,False,False,False,False
1788947230986,-0.1059,-0.1244,9.8632,0.00013,0.00067,0.0,-36.15,26.57,-8.87,0.0,0.0,0.0,0.0,0.0,9.59,GNSS_LOCKED,0.14,215.49,-11.14,12.46,1.6,False,False,False,False
1788947231112,-0.1059,-0.1555,9.8465,-0.00093,0.00013,0.0,-35.81,26.74,-9.62,0.0,0.0,0.0,0.0,0.0,9.59,GNSS_LOCKED,0.14,214.93,-11.09,12.33,1.62,False,False,False,False
1788947231233,-0.1011,-0.1507,9.8489,0.00013,-0.0004,0.0,-36.04,26.25,-8.85,0.0,0.0,0.0,0.0,0.0,9.59,GNSS_LOCKED,0.14,214.36,-11.04,12.19,1.65,False,False,False,False
1788947231357,-0.1178,-0.1196,9.856,0.0012,0.00013,0.0,-35.42,26.14,-8.51,0.0,0.0,0.0,0.0,0.0,9.59,GNSS_LOCKED,0.14,213.8,-11.0,12.06,1.67,False,False,False,False
1788947231468,-0.1083,-0.1196,9.8584,0.00067,0.00013,0.0,-35.74,26.16,-8.63,0.0,0.0,0.0,0.0,0.0,9.59,GNSS_LOCKED,0.14,213.23,-10.95,11.93,1.7,False,False,False,False
1788947231579,-0.1059,-0.1412,9.8584,-0.0004,-0.0004,0.0,-35.81,26.59,-8.55,0.0,0.0,0.0,0.0,0.0,9.59,GNSS_LOCKED,0.14,212.67,-10.9,11.81,1.72,False,False,False,False
1788947231692,-0.0915,-0.1388,9.8393,-0.00146,-0.00093,0.00053,-36.26,26.74,-9.45,0.0,0.0,0.0,0.0,0.0,9.59,GNSS_LOCKED,0.14,212.1,-10.86,11.68,1.74,False,False,False,False
1788947231812,-0.0963,-0.1507,9.8536,0.00067,0.00013,0.00053,-36.49,26.16,-9.34,0.0,0.0,0.0,0.0,0.0,9.59,GNSS_LOCKED,0.14,211.54,-10.81,11.56,1.77,False,False,False,False
1788947231932,-0.1083,-0.1364,9.8513,-0.0004,0.00013,0.0,-35.96,26.79,-8.29,0.0,0.0,0.0,0.0,0.0,11.83,GNSS_LOCKED,0.14,210.98,-10.77,11.44,1.79,False,False,False,False
1788947232043,-0.1155,-0.1484,9.8489,-0.0004,0.00067,0.0,-35.59,26.89,-7.84,0.0,0.0,0.0,0.0,0.0,11.83,GNSS_LOCKED,0.14,210.41,-10.72,11.32,1.81,False,False,False,False
1788947232165,-0.1035,-0.134,9.8536,-0.0004,0.00013,0.0,-35.66,26.59,-8.03,0.0,0.0,0.0,0.0,0.0,11.83,GNSS_LOCKED,0.14,209.85,-10.68,11.2,1.83,False,False,False,False
1788947232275,-0.1011,-0.1388,9.8536,-0.0004,0.00013,0.0,-35.96,26.29,-8.01,0.0,0.0,0.0,0.0,0.0,11.83,GNSS_LOCKED,0.14,209.29,-10.64,11.09,1.86,False,False,False,False
1788947232386,-0.1083,-0.122,9.8584,0.00067,-0.0004,0.0,-36.15,26.66,-8.51,0.0,0.0,0.0,0.0,0.0,11.83,GNSS_LOCKED,0.14,208.73,-10.6,10.98,1.88,False,False,False,False
1788947232499,-0.1107,-0.1436,9.8393,-0.00093,0.00013,0.0,-35.81,26.12,-7.91,0.0,0.0,0.0,0.0,0.0,11.83,GNSS_LOCKED,0.14,208.16,-10.56,10.86,1.9,False,False,False,False
1788947232616,-0.1131,-0.146,9.8441,0.00013,0.00013,0.0,-36.08,26.78,-8.16,0.0,0.0,0.0,0.0,0.0,11.83,GNSS_LOCKED,0.14,207.6,-10.52,10.75,1.92,False,False,False,False
1788947232736,-0.1011,-0.1101,9.8656,0.00067,-0.0004,0.00053,-36.3,26.79,-9.04,0.0,0.0,0.0,0.0,0.0,11.83,GNSS_LOCKED,0.14,207.04,-10.48,10.65,1.94,False,False,False,False
1788947232852,-0.0843,-0.1316,9.8441,-0.0004,-0.0004,-0.00053,-35.33,26.03,-8.36,0.0,0.0,0.0,0.0,0.0,11.83,GNSS_LOCKED,0.14,206.48,-10.44,10.54,1.96,False,False,False,False
1788947232966,-0.1035,-0.1531,9.8345,-0.0004,0.00013,0.00053,-35.57,26.31,-7.46,0.0,0.0,0.0,0.0,0.0,12.14,GNSS_LOCKED,0.14,205.92,-10.4,10.43,1.98,False,False,False,False
1788947233087,-0.0963,-0.1627,9.8489,-0.0004,-0.00093,0.0,-35.03,26.36,-7.56,0.0,0.0,0.0,0.0,0.0,12.14,GNSS_LOCKED,0.14,205.36,-10.37,10.33,2.01,False,False,False,False
1788947233207,-0.1202,-0.1292,9.8513,0.00067,0.00013,0.0,-35.55,26.08,-8.79,0.0,0.0,0.0,0.0,0.0,12.14,GNSS_LOCKED,0.14,204.8,-10.33,10.23,2.03,False,False,False,False
1788947233332,-0.1083,-0.122,9.8536,-0.0004,0.00067,0.0,-35.98,26.18,-8.48,0.0,0.0,0.0,0.0,0.0,12.14,GNSS_LOCKED,0.14,204.24,-10.29,10.13,2.05,False,False,False,False
1788947233454,-0.0915,-0.1531,9.8321,-0.00093,0.00013,0.0,-36.09,26.87,-7.93,0.0,0.0,0.0,0.0,0.0,12.14,GNSS_LOCKED,0.14,203.68,-10.26,10.03,2.07,False,False,False,False
1788947233574,-0.1035,-0.146,9.8465,0.00013,0.00013,0.0,-36.0,26.49,-6.9,0.0,0.0,0.0,0.0,0.0,12.14,GNSS_LOCKED,0.14,203.12,-10.22,9.93,2.09,False,False,False,False
1788947233693,-0.1202,-0.1196,9.8608,-0.0004,0.00013,0.0,-36.11,26.01,-7.61,0.0,0.0,0.0,0.0,0.0,12.14,GNSS_LOCKED,0.14,202.56,-10.19,9.84,2.1,False,False,False,False
1788947233814,-0.1202,-0.1388,9.8465,-0.00146,0.00013,0.00053,-36.0,26.18,-8.14,0.0,0.0,0.0,0.0,0.0,12.14,GNSS_LOCKED,0.14,202.0,-10.15,9.74,2.12,False,False,False,False
1788947233933,-0.1059,-0.146,9.8465,-0.00093,0.00067,0.0,-35.83,26.59,-8.1,0.0,0.0,0.0,0.0,0.0,12.44,GNSS_LOCKED,0.14,201.44,-10.12,9.65,2.14,False,False,False,False
1788947234055,-0.0963,-0.146,9.8417,-0.0004,0.00067,0.0,-35.49,26.59,-8.85,0.0,0.0,0.0,0.0,0.0,12.44,GNSS_LOCKED,0.14,200.88,-10.09,9.55,2.16,False,False,False,False
1788947234176,-0.1035,-0.134,9.8393,-0.0004,-0.0004,0.0,-35.42,26.57,-8.44,0.0,0.0,0.0,0.0,0.0,12.44,GNSS_LOCKED,0.14,200.32,-10.05,9.46,2.18,False,False,False,False
1788947234301,-0.1107,-0.1316,9.8513,-0.0004,-0.0004,0.0,-35.94,26.66,-7.52,0.0,0.0,0.0,0.0,0.0,12.44,GNSS_LOCKED,0.14,199.77,-10.02,9.37,2.2,False,False,False,False
1788947234422,-0.1155,-0.1388,9.8393,-0.0004,0.00013,0.0,-36.0,25.78,-8.61,0.0,0.0,0.0,0.0,0.0,12.44,GNSS_LOCKED,0.14,199.21,-9.99,9.29,2.22,False,False,False,False
1788947234542,-0.1107,-0.1364,9.8321,-0.0004,-0.0004,0.0,-35.21,25.52,-7.63,0.0,0.0,0.0,0.0,0.0,12.44,GNSS_LOCKED,0.14,198.65,-9.96,9.2,2.24,False,False,False,False
1788947234663,-0.1011,-0.1292,9.8536,-0.00093,0.00067,0.0,-35.33,26.18,-8.18,0.0,0.0,0.0,0.0,0.0,12.44,GNSS_LOCKED,0.14,198.09,-9.93,9.11,2.25,False,False,False,False
1788947234774,-0.1011,-0.1316,9.8417,-0.0004,0.00013,0.0,-36.24,26.14,-8.36,0.0,0.0,0.0,0.0,0.0,12.44,GNSS_LOCKED,0.14,197.54,-9.9,9.03,2.27,False,False,False,False
1788947234896,-0.0939,-0.1436,9.8441,0.00013,0.00013,-0.00107,-36.0,26.4,-8.18,0.0,0.0,0.0,0.0,0.0,12.44,GNSS_LOCKED,0.14,196.99,-9.87,8.94,2.29,False,False,False,False
1788947235014,-0.0796,-0.134,9.8393,-0.0004,0.00013,0.0,-36.13,26.31,-8.83,0.0,0.0,0.0,0.0,0.0,11.77,GNSS_LOCKED,0.14,196.44,-9.84,8.86,2.31,False,False,False,False
1788947235134,-0.1346,-0.1412,9.8441,-0.00093,0.00013,0.0,-36.41,26.23,-7.86,0.0,0.0,0.0,0.0,0.0,11.77,GNSS_LOCKED,0.14,195.88,-9.81,8.78,2.32,False,False,False,False
1788947235255,-0.1107,-0.122,9.8536,0.00067,0.0012,0.0,-35.57,26.29,-7.59,0.0,0.0,0.0,0.0,0.0,11.77,GNSS_LOCKED,0.14,195.33,-9.78,8.7,2.34,False,False,False,False
1788947235374,-0.1035,-0.134,9.8465,0.00013,0.00013,0.0,-35.91,26.31,-7.28,0.0,0.0,0.0,0.0,0.0,11.77,GNSS_LOCKED,0.14,194.78,-9.75,8.62,2.36,False,False,False,False
1788947235494,-0.082,-0.1388,9.8584,-0.0004,0.00013,0.0,-35.48,25.71,-7.16,0.0,0.0,0.0,0.0,0.0,11.77,GNSS_LOCKED,0.14,194.22,-9.72,8.54,2.37,False,False,False,False
1788947235614,-0.1298,-0.134,9.8393,0.00013,0.00013,0.0,-35.53,26.16,-7.31,0.0,0.0,0.0,0.0,0.0,11.77,GNSS_LOCKED,0.14,193.67,-9.69,8.46,2.39,False,False,False,False
1788947235734,-0.1035,-0.134,9.8513,0.00013,0.00013,0.0,-36.45,26.68,-7.91,0.0,0.0,0.0,0.0,0.0,11.77,GNSS_LOCKED,0.14,193.12,-9.66,8.38,2.41,False,False,False,False
1788947235854,-0.0843,-0.134,9.8345,-0.0004,0.00013,0.00053,-36.08,26.76,-8.49,0.0,0.0,0.0,0.0,0.0,11.77,GNSS_LOCKED,0.14,192.56,-9.64,8.31,2.42,False,False,False,False
1788947235974,-0.1083,-0.1484,9.8297,-0.00093,0.00013,-0.00053,-35.79,26.14,-7.86,0.0,0.0,0.0,0.0,0.0,11.32,GNSS_LOCKED,0.14,192.02,-9.61,8.23,2.44,False,False,False,False
1788947236096,-0.1202,-0.0957,9.8513,0.00013,0.00013,-0.00053,-35.06,26.34,-7.48,0.0,0.0,0.0,0.0,0.0,11.32,GNSS_LOCKED,0.14,191.46,-9.58,8.16,2.46,False,False,False,False
1788947236219,-0.1178,-0.1292,9.8441,-0.0004,0.00013,0.0,-35.85,26.12,-8.34,0.0,0.0,0.0,0.0,0.0,11.32,GNSS_LOCKED,0.14,190.91,-9.56,8.09,2.47,False,False,False,False
1788947236343,-0.1083,-0.1555,9.8417,-0.00146,0.00013,-0.00053,-36.3,26.23,-8.25,0.0,0.0,0.0,0.0,0.0,11.32,GNSS_LOCKED,0.14,190.36,-9.53,8.01,2.49,False,False,False,False
1788947236462,-0.1059,-0.1316,9.8513,0.00173,-0.00093,0.0,-35.94,26.36,-7.88,0.0,0.0,0.0,0.0,0.0,11.32,GNSS_LOCKED,0.14,189.81,-9.5,7.94,2.5,False,False,False,False
1788947236582,-0.0652,-0.0981,9.8489,0.00067,0.00013,0.0,-36.24,26.51,-7.99,0.0,0.0,0.0,0.0,0.0,11.32,GNSS_LOCKED,0.14,189.26,-9.48,7.87,2.52,False,False,False,False
1788947236702,-0.137,-0.1316,9.8369,0.00067,0.00013,0.0,-36.02,26.4,-7.56,0.0,0.0,0.0,0.0,0.0,11.32,GNSS_LOCKED,0.14,188.71,-9.45,7.8,2.53,False,False,False,False
1788947236822,-0.0724,-0.1149,9.8656,-0.0004,0.00067,-0.00107,-35.42,26.34,-7.43,0.0,0.0,0.0,0.0,0.0,11.32,GNSS_LOCKED,0.14,188.17,-9.43,7.73,2.55,False,False,False,False
1788947236943,-0.2088,-0.2321,9.856,0.00067,0.00013,0.00053,-35.7,26.66,-7.33,0.0,0.0,0.0,0.0,0.0,10.7,GNSS_LOCKED,0.14,187.61,-9.41,7.67,2.56,False,False,False,False
1788947237064,-0.0365,-0.0526,9.8584,0.00226,-0.0004,-0.00053,-35.72,26.31,-7.5,0.0,0.0,0.0,0.0,0.0,10.7,GNSS_LOCKED,0.14,187.06,-9.38,7.6,2.58,False,False,False,False
1788947237188,-0.1777,-0.1819,9.8201,-0.00146,-0.0004,0.00107,-35.93,26.12,-8.06,0.0,0.0,0.0,0.0,0.0,10.7,GNSS_LOCKED,0.14,186.5,-9.36,7.53,2.59,False,False,False,False
1788947237309,-0.1394,-0.1771,9.8249,0.0012,-0.00093,0.00053,-36.3,26.03,-8.08,0.0,0.0,0.0,0.0,0.0,10.7,GNSS_LOCKED,0.14,185.94,-9.33,7.47,2.61,False,False,False,False
1788947237430,-0.1107,-0.1412,9.8321,0.0012,-0.00093,0.00053,-36.11,26.18,-7.46,0.0,0.0,0.0,0.0,0.0,10.7,GNSS_LOCKED,0.14,185.39,-9.31,7.4,2.62,False,False,False,False
1788947237551,-0.0102,-0.0598,9.8656,0.00013,0.00013,-0.00053,-35.48,26.23,-8.55,0.0,0.0,0.0,0.0,0.0,10.7,GNSS_LOCKED,0.14,184.85,-9.29,7.34,2.63,False,False,False,False
1788947237675,-0.216,-0.2154,9.8058,-0.00093,0.00013,0.0,-35.7,25.74,-8.29,0.0,0.0,0.0,0.0,0.0,10.7,GNSS_LOCKED,0.14,184.3,-9.26,7.28,2.65,False,False,False,False
1788947237798,-0.0772,-0.122,9.8345,0.00067,-0.0004,-0.00053,-36.08,26.48,-8.79,0.0,0.0,0.0,0.0,0.0,10.7,GNSS_LOCKED,0.14,183.75,-9.24,7.21,2.66,False,False,False,False
1788947237915,-0.015,-0.1005,9.8632,-0.0004,-0.0004,-0.00107,-35.48,26.36,-7.84,0.0,0.0,0.0,0.0,0.0,10.59,GNSS_LOCKED,0.14,183.22,-9.22,7.15,2.68,False,False,False,False
1788947238027,-0.0461,-0.1196,9.8584,-0.0004,0.00013,0.0,-35.46,26.03,-7.97,0.0,0.0,0.0,0.0,0.0,10.59,GNSS_LOCKED,0.14,182.69,-9.2,7.09,2.69,False,False,False,False
1788947238144,-0.1777,-0.1531,9.8178,0.00013,0.00013,-0.00053,-36.0,26.14,-8.36,0.0,0.0,0.0,0.0,0.0,10.59,GNSS_LOCKED,0.14,182.14,-9.18,7.03,2.7,False,False,False,False
1788947238270,-0.0437,-0.055,9.8776,0.00226,-0.0004,0.00053,-36.21,26.55,-8.74,0.0,0.0,0.0,0.0,0.0,10.59,GNSS_LOCKED,0.14,181.6,-9.15,6.97,2.72,False,False,False,False
1788947238391,-0.0724,-0.0766,9.8871,0.0012,0.00013,0.00053,-36.21,26.42,-8.66,0.0,0.0,0.0,0.0,0.0,10.59,GNSS_LOCKED,0.14,181.06,-9.13,6.91,2.73,False,False,False,False
1788947238510,-0.1418,-0.1125,9.8489,-0.00093,-0.0004,0.0,-35.87,26.04,-8.03,0.0,0.0,0.0,0.0,0.0,10.59,GNSS_LOCKED,0.14,180.51,-9.11,6.85,2.74,False,False,False,False
1788947238631,-0.07,-0.1364,9.8345,0.00067,0.00013,-0.00053,-35.83,26.01,-8.16,0.0,0.0,0.0,0.0,0.0,10.59,GNSS_LOCKED,0.14,179.97,-9.09,6.8,2.76,False,False,False,False
1788947238755,-0.0796,-0.1005,9.8608,0.0012,-0.0004,0.0,-36.09,26.7,-7.86,0.0,0.0,0.0,0.0,0.0,10.59,GNSS_LOCKED,0.14,179.43,-9.07,6.74,2.77,False,False,False,False
1788947238878,-0.1298,-0.1484,9.8441,-0.00093,-0.0004,0.0,-36.96,26.03,-7.86,0.0,0.0,0.0,0.0,0.0,10.59,GNSS_LOCKED,0.14,178.89,-9.05,6.68,2.78,False,False,False,False
1788947238998,-0.1178,-0.1651,9.8321,0.00013,-0.00093,0.0,-36.11,26.14,-7.37,0.0,0.0,0.0,0.0,0.0,10.54,GNSS_LOCKED,0.14,178.34,-9.03,6.63,2.79,False,False,False,False
1788947239120,-0.0867,-0.1292,9.8513,0.00067,-0.0004,0.0,-35.66,26.76,-7.31,0.0,0.0,0.0,0.0,0.0,10.54,GNSS_LOCKED,0.14,177.79,-9.01,6.57,2.81,False,False,False,False
1788947239241,-0.1178,-0.1196,9.8489,0.00013,0.00067,0.0,-35.27,26.44,-7.46,0.0,0.0,0.0,0.0,0.0,10.54,GNSS_LOCKED,0.14,177.25,-8.99,6.52,2.82,False,False,False,False
1788947239364,-0.1226,-0.1101,9.8536,-0.00093,-0.0004,0.0,-36.09,25.44,-7.52,0.0,0.0,0.0,0.0,0.0,10.54,GNSS_LOCKED,0.14,176.71,-8.97,6.46,2.83,False,False,False,False
1788947239486,-0.0891,-0.1531,9.8345,-0.0004,-0.0004,0.0,-35.78,25.88,-7.89,0.0,0.0,0.0,0.0,0.0,10.54,GNSS_LOCKED,0.14,176.16,-8.95,6.41,2.84,False,False,False,False
1788947239607,-0.1178,-0.1412,9.8369,0.00067,0.00013,0.0,-35.38,26.19,-7.16,0.0,0.0,0.0,0.0,0.0,10.54,GNSS_LOCKED,0.14,175.62,-8.93,6.36,2.85,False,False,False,False
1788947239726,-0.1059,-0.146,9.8369,0.00173,0.00067,0.0,-35.25,26.04,-7.22,0.0,0.0,0.0,0.0,0.0,10.54,GNSS_LOCKED,0.14,175.08,-8.91,6.3,2.87,False,False,False,False
1788947239845,-0.1059,-0.134,9.8345,0.0012,0.00013,-0.00053,-35.89,25.93,-7.33,0.0,0.0,0.0,0.0,0.0,10.54,GNSS_LOCKED,0.14,174.54,-8.9,6.25,2.88,False,False,False,False
1788947239967,-0.0867,-0.1436,9.8417,-0.0004,0.00067,0.00053,-35.83,26.06,-7.71,0.0,0.0,0.0,0.0,0.0,9.94,GNSS_LOCKED,0.14,174.0,-8.88,6.2,2.89,False,False,False,False
1788947240091,-0.1178,-0.1412,9.8441,0.00013,0.00013,0.0,-35.76,26.38,-7.67,0.0,0.0,0.0,0.0,0.0,9.94,GNSS_LOCKED,0.14,173.46,-8.86,6.15,2.9,False,False,False,False
1788947240214,-0.0987,-0.1292,9.8465,-0.0004,0.00013,0.0,-35.74,26.04,-8.49,0.0,0.0,0.0,0.0,0.0,9.94,GNSS_LOCKED,0.14,172.93,-8.84,6.1,2.91,False,False,False,False
1788947240334,-0.1107,-0.1364,9.8465,0.00013,0.00067,-0.00107,-35.66,25.99,-7.86,0.0,0.0,0.0,0.0,0.0,9.94,GNSS_LOCKED,0.14,172.39,-8.82,6.05,2.92,False,False,False,False
1788947240455,-0.1107,-0.0263,9.8871,-0.0004,0.00013,0.00053,-35.76,26.27,-7.54,0.0,0.0,0.0,0.0,0.0,9.94,GNSS_LOCKED,0.14,171.85,-8.8,6.0,2.93,False,False,False,False
1788947240575,-0.1202,-0.1986,9.8106,-0.00253,-0.0004,-0.00107,-35.57,25.93,-7.26,0.0,0.0,0.0,0.0,0.0,9.94,GNSS_LOCKED,0.14,171.32,-8.79,5.95,2.95,False,False,False,False
1788947240696,-0.1131,-0.2201,9.8058,0.00067,-0.00093,0.0,-35.85,25.65,-8.14,0.0,0.0,0.0,0.0,0.0,9.94,GNSS_LOCKED,0.14,170.78,-8.77,5.9,2.96,False,False,False,False
1788947240818,-0.0963,-0.1053,9.856,0.00333,0.00067,0.0,-35.49,26.29,-7.88,0.0,0.0,0.0,0.0,0.0,9.94,GNSS_LOCKED,0.14,170.24,-8.75,5.86,2.97,False,False,False,False
1788947240934,-0.1394,-0.055,9.8632,0.0012,0.00013,0.0,-35.78,26.57,-7.95,0.0,0.0,0.0,0.0,0.0,11.47,GNSS_LOCKED,0.14,169.7,-8.74,5.81,2.98,False,False,False,False
1788947241049,-0.0365,0.1322,9.9757,0.00599,0.00067,-0.0016,-36.06,25.63,-7.35,0.0,0.0,0.0,0.0,0.0,11.47,GNSS_LOCKED,0.14,169.19,-8.72,5.76,2.99,False,False,False,False
1788947241174,-0.1131,-0.0263,9.9063,-0.00253,0.0012,-0.00107,-35.42,26.74,-8.46,0.0,0.0,0.0,0.0,0.0,11.47,GNSS_LOCKED,0.14,168.67,-8.7,5.72,3.0,False,False,False,False
1788947241294,-0.1298,-0.2417,9.789,-0.00306,-0.0004,-0.00053,-35.49,26.48,-8.76,0.0,0.0,0.0,0.0,0.0,11.47,GNSS_LOCKED,0.14,168.13,-8.69,5.67,3.01,False,False,False,False
1788947241414,-0.0843,-0.2249,9.8082,0.00173,-0.00093,0.00053,-36.26,26.51,-8.25,0.0,0.0,0.0,0.0,0.0,11.47,GNSS_LOCKED,0.14,167.59,-8.67,5.63,3.02,False,False,False,False
1788947241535,-0.0891,-0.0766,9.8632,0.00386,-0.0004,0.00053,-36.32,26.06,-8.31,0.0,0.0,0.0,0.0,0.0,11.47,GNSS_LOCKED,0.14,167.05,-8.65,5.58,3.03,False,False,False,False
1788947241656,-0.1466,-0.0742,9.8704,0.00013,0.00013,0.0,-36.38,26.08,-7.39,0.0,0.0,0.0,0.0,0.0,11.47,GNSS_LOCKED,0.14,166.52,-8.64,5.54,3.04,False,False,False,False
1788947241781,-0.1059,-0.1771,9.8154,-0.00146,0.00013,-0.00107,-36.02,26.27,-8.16,0.0,0.0,0.0,0.0,0.0,11.47,GNSS_LOCKED,0.14,165.99,-8.62,5.49,3.05,False,False,False,False
1788947241902,-0.07,-0.1914,9.8082,0.00013,-0.0004,-0.00053,-35.29,26.55,-8.31,0.0,0.0,0.0,0.0,0.0,11.47,GNSS_LOCKED,0.14,165.46,-8.61,5.45,3.06,False,False,False,False
1788947242023,-0.125,-0.1125,9.8608,0.00226,0.00013,0.00107,-35.44,25.73,-8.08,0.0,0.0,0.0,0.0,0.0,10.98,GNSS_LOCKED,0.14,164.92,-8.59,5.41,3.07,False,False,False,False
1788947242150,-0.1035,-0.1507,9.8273,-0.00093,0.00013,-0.00053,-35.4,26.53,-7.54,0.0,0.0,0.0,0.0,0.0,10.98,GNSS_LOCKED,0.14,164.39,-8.57,5.36,3.08,False,False,False,False
1788947242271,-0.0843,-0.1603,9.8249,0.0012,0.00013,0.00053,-36.13,26.51,-7.44,0.0,0.0,0.0,0.0,0.0,10.98,GNSS_LOCKED,0.14,163.86,-8.56,5.32,3.09,False,False,False,False
1788947242391,-0.1226,-0.1316,9.8536,0.00173,0.00013,0.0,-36.21,26.29,-8.4,0.0,0.0,0.0,0.0,0.0,10.98,GNSS_LOCKED,0.14,163.32,-8.54,5.28,3.1,False,False,False,False
1788947242515,-0.1346,-0.122,9.8608,0.00013,0.00013,0.00053,-36.02,26.79,-9.13,0.0,0.0,0.0,0.0,0.0,10.98,GNSS_LOCKED,0.14,162.79,-8.53,5.24,3.11,False,False,False,False
1788947242638,-0.0724,-0.1484,9.8465,-0.0004,-0.00093,-0.00053,-35.66,26.36,-8.4,0.0,0.0,0.0,0.0,0.0,10.98,GNSS_LOCKED,0.14,162.26,-8.51,5.2,3.12,False,False,False,False
1788947242759,-0.0915,-0.1388,9.8297,0.00173,0.00013,0.0,-35.63,26.1,-8.08,0.0,0.0,0.0,0.0,0.0,10.98,GNSS_LOCKED,0.14,161.73,-8.5,5.16,3.13,False,False,False,False
1788947242878,-0.1178,-0.1101,9.856,0.00013,0.00013,-0.00053,-35.53,26.53,-7.52,0.0,0.0,0.0,0.0,0.0,10.98,GNSS_LOCKED,0.14,161.2,-8.49,5.12,3.14,False,False,False,False
1788947242992,-0.125,-0.1316,9.8513,0.00013,0.00013,0.0,-35.91,25.89,-8.31,0.0,0.0,0.0,0.0,0.0,11.37,GNSS_LOCKED,0.14,160.67,-8.47,5.08,3.15,False,False,False,False
1788947243115,-0.0867,-0.1579,9.8225,-0.0004,-0.0004,0.0,-36.08,26.27,-8.53,0.0,0.0,0.0,0.0,0.0,11.37,GNSS_LOCKED,0.14,160.14,-8.46,5.04,3.16,False,False,False,False
1788947243237,-0.1202,-0.1555,9.8249,0.0012,-0.0004,0.0,-35.93,26.08,-8.63,0.0,0.0,0.0,0.0,0.0,11.37,GNSS_LOCKED,0.14,159.61,-8.44,5.0,3.17,False,False,False,False
1788947243351,-0.1418,-0.1149,9.8513,0.0012,-0.0004,0.0,-35.78,26.38,-8.21,0.0,0.0,0.0,0.0,0.0,11.37,GNSS_LOCKED,0.14,159.08,-8.43,4.96,3.18,False,False,False,False
1788947243472,-0.1107,-0.1196,9.8441,-0.0004,0.00013,-0.00053,-35.4,26.4,-7.18,0.0,0.0,0.0,0.0,0.0,11.37,GNSS_LOCKED,0.14,158.55,-8.42,4.92,3.19,False,False,False,False
1788947243595,-0.0963,-0.1364,9.8417,0.00013,0.00013,0.0,-35.78,26.48,-7.67,0.0,0.0,0.0,0.0,0.0,11.37,GNSS_LOCKED,0.14,158.02,-8.4,4.88,3.2,False,False,False,False
1788947243719,-0.1202,-0.1412,9.8441,0.0012,0.00013,0.0,-36.34,26.25,-8.36,0.0,0.0,0.0,0.0,0.0,11.37,GNSS_LOCKED,0.14,157.5,-8.39,4.85,3.21,False,False,False,False
1788947243838,-0.1059,-0.122,9.8489,0.00067,0.00013,0.0,-35.91,26.16,-8.49,0.0,0.0,0.0,0.0,0.0,11.37,GNSS_LOCKED,0.14,156.97,-8.37,4.81,3.22,False,False,False,False
1788947243958,-0.0915,-0.146,9.8393,0.00067,0.00013,-0.00053,-36.43,26.25,-7.95,0.0,0.0,0.0,0.0,0.0,11.47,GNSS_LOCKED,0.14,156.45,-8.36,4.77,3.23,False,False,False,False
1788947244075,-0.1011,-0.134,9.8441,0.00067,0.00013,0.00053,-35.74,26.25,-8.87,0.0,0.0,0.0,0.0,0.0,11.47,GNSS_LOCKED,0.14,155.92,-8.35,4.74,3.24,False,False,False,False
1788947244195,-0.1059,-0.134,9.8417,0.00067,0.00067,0.0,-35.51,26.49,-8.46,0.0,0.0,0.0,0.0,0.0,11.47,GNSS_LOCKED,0.14,155.4,-8.34,4.7,3.25,False,False,False,False
1788947244315,-0.125,-0.134,9.8417,0.00067,-0.0004,0.0,-35.79,25.99,-7.43,0.0,0.0,0.0,0.0,0.0,11.47,GNSS_LOCKED,0.14,154.87,-8.32,4.66,3.25,False,False,False,False
1788947244440,-0.1035,-0.1268,9.8465,0.0012,-0.00093,-0.00053,-36.15,25.89,-7.35,0.0,0.0,0.0,0.0,0.0,11.47,GNSS_LOCKED,0.14,154.35,-8.31,4.63,3.26,False,False,False,False
1788947244563,-0.1226,-0.1244,9.8513,0.00067,0.00013,0.0,-35.85,26.01,-8.38,0.0,0.0,0.0,0.0,0.0,11.47,GNSS_LOCKED,0.14,153.82,-8.3,4.59,3.27,False,False,False,False
1788947244686,-0.1346,-0.122,9.8513,0.00067,0.00067,0.0,-35.04,25.69,-8.23,0.0,0.0,0.0,0.0,0.0,11.47,GNSS_LOCKED,0.14,153.29,-8.28,4.56,3.28,False,False,False,False
1788947244809,-0.0915,-0.1436,9.8297,-0.0004,-0.0004,-0.00053,-36.45,26.27,-7.58,0.0,0.0,0.0,0.0,0.0,11.47,GNSS_LOCKED,0.14,152.77,-8.27,4.52,3.29,False,False,False,False
1788947244925,-0.1107,-0.1364,9.8321,0.00067,0.00067,0.0,-35.81,25.93,-7.56,0.0,0.0,0.0,0.0,0.0,11.54,GNSS_LOCKED,0.14,152.25,-8.26,4.49,3.3,False,False,False,False
1788947245036,-0.1155,-0.1244,9.8465,0.0012,-0.0004,0.0,-35.34,26.38,-7.56,0.0,0.0,0.0,0.0,0.0,11.54,GNSS_LOCKED,0.14,151.73,-8.25,4.46,3.31,False,False,False,False
1788947245158,-0.1059,-0.1436,9.8536,0.00067,-0.00093,0.0,-35.21,26.64,-7.22,0.0,0.0,0.0,0.0,0.0,11.54,GNSS_LOCKED,0.14,151.2,-8.24,4.42,3.32,False,False,False,False
1788947245279,-0.0915,-0.1412,9.8321,0.00067,-0.00093,-0.00053,-36.21,26.44,-7.48,0.0,0.0,0.0,0.0,0.0,11.54,GNSS_LOCKED,0.14,150.68,-8.22,4.39,3.33,False,False,False,False
1788947245401,-0.1178,-0.1388,9.8489,0.0012,0.00013,0.0,-35.72,26.21,-8.1,0.0,0.0,0.0,0.0,0.0,11.54,GNSS_LOCKED,0.14,150.16,-8.21,4.36,3.33,False,False,False,False
1788947245525,-0.0939,-0.1388,9.8393,0.00013,-0.00093,0.00053,-35.85,25.78,-7.8,0.0,0.0,0.0,0.0,0.0,11.54,GNSS_LOCKED,0.14,149.63,-8.2,4.32,3.34,False,False,False,False
1788947245645,-0.1131,-0.122,9.8417,0.00067,0.00013,-0.00053,-36.02,26.76,-7.8,0.0,0.0,0.0,0.0,0.0,11.54,GNSS_LOCKED,0.14,149.12,-8.19,4.29,3.35,False,False,False,False
1788947245767,-0.1155,-0.1507,9.8321,0.00067,0.00013,0.0,-35.81,26.83,-7.84,0.0,0.0,0.0,0.0,0.0,11.54,GNSS_LOCKED,0.14,148.59,-8.18,4.26,3.36,False,False,False,False
1788947245885,-0.1107,-0.1292,9.8441,0.00067,0.00013,0.0,-35.78,27.0,-8.51,0.0,0.0,0.0,0.0,0.0,11.54,GNSS_LOCKED,0.14,148.07,-8.16,4.23,3.37,False,False,False,False
1788947246007,-0.1059,-0.1364,9.8489,0.00067,-0.0004,-0.00053,-35.7,26.31,-8.44,0.0,0.0,0.0,0.0,0.0,11.54,GNSS_LOCKED,0.14,147.55,-8.15,4.2,3.38,False,False,False,False
1788947246126,-0.1059,-0.1436,9.8489,0.0012,0.00013,-0.00053,-35.76,25.71,-8.03,0.0,0.0,0.0,0.0,0.0,11.54,GNSS_LOCKED,0.14,147.04,-8.14,4.16,3.39,False,False,False,False
1788947246247,-0.1131,-0.1364,9.8513,0.00067,-0.0004,0.0,-35.68,26.85,-7.48,0.0,0.0,0.0,0.0,0.0,11.54,GNSS_LOCKED,0.14,146.52,-8.13,4.13,3.39,False,False,False,False
1788947246367,-0.1035,-0.1364,9.8536,0.00013,-0.00093,0.00107,-35.96,26.44,-8.31,0.0,0.0,0.0,0.0,0.0,11.54,GNSS_LOCKED,0.14,145.99,-8.12,4.1,3.4,False,False,False,False
1788947246489,-0.0987,-0.1364,9.8417,0.00067,0.00013,0.0,-35.63,26.44,-8.87,0.0,0.0,0.0,0.0,0.0,11.54,GNSS_LOCKED,0.14,145.47,-8.11,4.07,3.41,False,False,False,False
1788947246608,-0.1131,-0.1364,9.8513,0.00013,-0.0004,0.0,-36.08,26.55,-8.34,0.0,0.0,0.0,0.0,0.0,11.54,GNSS_LOCKED,0.14,144.95,-8.1,4.04,3.42,False,False,False,False
1788947246733,-0.1083,-0.1436,9.8584,0.00067,-0.0004,0.00053,-36.19,26.23,-8.46,0.0,0.0,0.0,0.0,0.0,11.54,GNSS_LOCKED,0.14,144.43,-8.09,4.01,3.43,False,False,False,False
1788947246854,-0.1059,-0.1412,9.8369,0.00013,-0.0004,0.0,-36.19,26.4,-7.35,0.0,0.0,0.0,0.0,0.0,11.54,GNSS_LOCKED,0.14,143.91,-8.08,3.98,3.43,False,False,False,False
1788947246974,-0.1083,-0.146,9.8441,0.00067,0.00013,-0.00053,-35.98,26.42,-7.69,0.0,0.0,0.0,0.0,0.0,12.78,GNSS_LOCKED,0.14,143.4,-8.07,3.96,3.44,False,False,False,False
1788947247094,-0.1107,-0.1531,9.856,0.00067,0.00013,0.0,-36.04,26.18,-9.17,0.0,0.0,0.0,0.0,0.0,12.78,GNSS_LOCKED,0.14,142.88,-8.06,3.93,3.45,False,False,False,False
1788947247214,-0.1226,-0.134,9.8513,0.00067,-0.00093,0.0,-35.55,26.46,-8.66,0.0,0.0,0.0,0.0,0.0,12.78,GNSS_LOCKED,0.14,142.36,-8.05,3.9,3.46,False,False,False,False
1788947247337,-0.1178,-0.1316,9.8489,0.00067,0.00013,0.0,-35.85,26.25,-7.89,0.0,0.0,0.0,0.0,0.0,12.78,GNSS_LOCKED,0.14,141.84,-8.04,3.87,3.47,False,False,False,False
1788947247462,-0.1011,-0.1364,9.8273,0.00067,0.00013,-0.00053,-36.26,25.95,-8.03,0.0,0.0,0.0,0.0,0.0,12.78,GNSS_LOCKED,0.14,141.33,-8.03,3.84,3.47,False,False,False,False
1788947247582,-0.1035,-0.1292,9.8393,-0.0004,-0.0004,0.0,-36.94,26.14,-7.67,0.0,0.0,0.0,0.0,0.0,12.78,GNSS_LOCKED,0.14,140.81,-8.02,3.81,3.48,False,False,False,False
1788947247702,-0.1107,-0.1364,9.8441,0.00067,-0.0004,0.0,-35.89,25.84,-7.71,0.0,0.0,0.0,0.0,0.0,12.78,GNSS_LOCKED,0.14,140.3,-8.01,3.79,3.49,False,False,False,False
1788947247816,-0.1035,-0.1316,9.8536,0.0012,0.00013,0.00053,-36.3,26.36,-8.36,0.0,0.0,0.0,0.0,0.0,12.78,GNSS_LOCKED,0.14,139.78,-8.0,3.76,3.5,False,False,False,False
1788947247938,-0.1083,-0.1555,9.8513,0.00067,-0.00093,0.00053,-35.79,25.95,-8.59,0.0,0.0,0.0,0.0,0.0,13.15,GNSS_LOCKED,0.14,139.26,-7.99,3.73,3.5,False,False,False,False
1788947248063,-0.1178,-0.134,9.8584,0.00067,-0.0004,-0.00053,-35.68,26.16,-8.1,0.0,0.0,0.0,0.0,0.0,13.15,GNSS_LOCKED,0.14,138.75,-7.98,3.7,3.51,False,False,False,False
1788947248184,-0.0939,-0.1436,9.8369,0.00067,0.00013,0.0,-36.11,26.63,-8.12,0.0,0.0,0.0,0.0,0.0,13.15,GNSS_LOCKED,0.14,138.23,-7.97,3.68,3.52,False,False,False,False
1788947248307,-0.1155,-0.134,9.8465,0.00067,0.00013,0.0,-35.93,26.27,-7.52,0.0,0.0,0.0,0.0,0.0,13.15,GNSS_LOCKED,0.14,137.72,-7.96,3.65,3.53,False,False,False,False
1788947248431,-0.1202,-0.122,9.8465,0.0012,0.00013,-0.00107,-35.7,26.21,-8.16,0.0,0.0,0.0,0.0,0.0,13.15,GNSS_LOCKED,0.14,137.21,-7.95,3.63,3.53,False,False,False,False
1788947248550,-0.0963,-0.1316,9.8369,0.00067,-0.00093,0.00053,-36.04,26.33,-8.18,0.0,0.0,0.0,0.0,0.0,13.15,GNSS_LOCKED,0.14,136.69,-7.94,3.6,3.54,False,False,False,False
1788947248670,-0.0963,-0.1412,9.8465,0.00067,0.00013,0.0,-35.72,26.18,-7.59,0.0,0.0,0.0,0.0,0.0,13.15,GNSS_LOCKED,0.14,136.18,-7.93,3.57,3.55,False,False,False,False
1788947248791,-0.1131,-0.1292,9.8441,0.0012,-0.0004,0.0,-35.87,26.12,-8.27,0.0,0.0,0.0,0.0,0.0,13.15,GNSS_LOCKED,0.14,135.67,-7.92,3.55,3.55,False,False,False,False
1788947248913,-0.1083,-0.1364,9.8441,0.00067,0.00013,0.0,-36.09,26.51,-8.31,0.0,0.0,0.0,0.0,0.0,12.42,GNSS_LOCKED,0.14,135.16,-7.91,3.52,3.56,False,False,False,False
1788947249027,-0.1083,-0.1292,9.8536,0.00067,-0.0004,0.0,-36.75,26.63,-9.36,0.0,0.0,0.0,0.0,0.0,12.42,GNSS_LOCKED,0.14,134.64,-7.9,3.5,3.57,False,False,False,False
1788947249150,-0.1059,-0.1292,9.8417,0.00067,-0.0004,0.0,-35.33,26.23,-8.64,0.0,0.0,0.0,0.0,0.0,12.42,GNSS_LOCKED,0.14,134.13,-7.89,3.47,3.58,False,False,False,False
1788947249270,-0.1107,-0.1364,9.8417,0.00067,-0.00093,0.0,-35.42,26.12,-8.74,0.0,0.0,0.0,0.0,0.0,12.42,GNSS_LOCKED,0.14,133.62,-7.88,3.45,3.58,False,False,False,False
1788947249388,-0.1011,-0.1412,9.8513,0.0012,0.00013,0.0,-36.08,25.95,-8.4,0.0,0.0,0.0,0.0,0.0,12.42,GNSS_LOCKED,0.14,133.11,-7.88,3.42,3.59,False,False,False,False
1788947249509,-0.1107,-0.1436,9.8441,0.00067,-0.0004,0.00107,-35.66,26.27,-8.33,0.0,0.0,0.0,0.0,0.0,12.42,GNSS_LOCKED,0.14,132.59,-7.87,3.4,3.6,False,False,False,False
1788947249630,-0.1083,-0.134,9.8465,0.0012,-0.0004,0.0,-35.68,25.93,-8.93,0.0,0.0,0.0,0.0,0.0,12.42,GNSS_LOCKED,0.14,132.08,-7.86,3.38,3.6,False,False,False,False
1788947249750,-0.1083,-0.1316,9.8441,0.00067,0.00013,0.0,-35.61,25.93,-8.98,0.0,0.0,0.0,0.0,0.0,12.42,GNSS_LOCKED,0.14,131.57,-7.85,3.35,3.61,False,False,False,False
1788947249872,-0.1059,-0.1436,9.8273,0.0012,-0.00093,0.0,-35.57,25.97,-8.76,0.0,0.0,0.0,0.0,0.0,12.42,GNSS_LOCKED,0.14,131.05,-7.84,3.33,3.62,False,False,False,False
1788947249996,-0.1226,-0.1364,9.8584,0.00067,-0.00093,0.0,-35.57,25.99,-8.03,0.0,0.0,0.0,0.0,0.0,13.45,GNSS_LOCKED,0.14,130.54,-7.83,3.31,3.62,False,False,False,False
1788947250116,-0.1202,-0.1172,9.8513,0.00067,0.00013,0.0,-35.7,26.19,-8.12,0.0,0.0,0.0,0.0,0.0,13.45,GNSS_LOCKED,0.14,130.03,-7.83,3.28,3.63,False,False,False,False
1788947250238,-0.0963,-0.122,9.8393,0.00067,0.00013,-0.00053,-36.11,26.33,-8.48,0.0,0.0,0.0,0.0,0.0,13.45,GNSS_LOCKED,0.14,129.53,-7.82,3.26,3.63,False,False,False,False
1788947250360,-0.1107,-0.134,9.8489,0.00067,-0.0004,0.00053,-36.21,26.21,-7.58,0.0,0.0,0.0,0.0,0.0,13.45,GNSS_LOCKED,0.14,129.01,-7.81,3.24,3.64,False,False,False,False
1788947250486,-0.1131,-0.1388,9.8369,0.00173,0.00013,-0.00053,-35.57,26.33,-7.71,0.0,0.0,0.0,0.0,0.0,13.45,GNSS_LOCKED,0.14,128.51,-7.8,3.21,3.65,False,False,False,False
1788947250607,-0.1202,-0.1388,9.8513,0.00067,-0.00093,0.00053,-35.87,26.14,-8.42,0.0,0.0,0.0,0.0,0.0,13.45,GNSS_LOCKED,0.14,127.99,-7.79,3.19,3.65,False,False,False,False
1788947250733,-0.0915,-0.1292,9.8489,0.00067,0.00013,0.0,-36.09,26.38,-8.53,0.0,0.0,0.0,0.0,0.0,13.45,GNSS_LOCKED,0.14,127.48,-7.79,3.17,3.66,False,False,False,False
1788947250854,-0.1202,-0.134,9.8369,0.00067,-0.00093,-0.00053,-35.46,25.76,-8.16,0.0,0.0,0.0,0.0,0.0,13.45,GNSS_LOCKED,0.14,126.98,-7.78,3.15,3.67,False,False,False,False
1788947250974,-0.1298,-0.134,9.8513,0.00173,-0.0004,0.00107,-35.87,25.95,-8.38,0.0,0.0,0.0,0.0,0.0,13.38,GNSS_LOCKED,0.14,126.46,-7.77,3.13,3.67,False,False,False,False
1788947251096,-0.1035,-0.1268,9.8536,0.00173,0.00013,-0.00053,-36.28,25.88,-8.68,0.0,0.0,0.0,0.0,0.0,13.38,GNSS_LOCKED,0.14,125.96,-7.77,3.1,3.68,False,False,False,False
1788947251217,-0.0915,-0.1412,9.8345,0.0012,0.00013,0.0,-36.0,26.42,-8.31,0.0,0.0,0.0,0.0,0.0,13.38,GNSS_LOCKED,0.14,125.45,-7.76,3.08,3.69,False,False,False,False
1788947251342,-0.1178,-0.146,9.8369,0.00067,-0.00146,0.0,-35.42,26.12,-7.33,0.0,0.0,0.0,0.0,0.0,13.38,GNSS_LOCKED,0.14,124.94,-7.75,3.06,3.69,False,False,False,False
1788947251464,-0.1083,-0.1268,9.8513,0.00067,-0.00093,0.0,-35.08,26.53,-7.8,0.0,0.0,0.0,0.0,0.0,13.38,GNSS_LOCKED,0.14,124.43,-7.74,3.04,3.7,False,False,False,False
1788947251583,-0.0772,-0.1388,9.8345,0.00067,-0.00093,0.0,-35.36,26.1,-8.44,0.0,0.0,0.0,0.0,0.0,13.38,GNSS_LOCKED,0.14,123.92,-7.74,3.02,3.7,False,False,False,False
1788947251708,-0.0987,-0.1364,9.8345,0.00173,0.00067,-0.00053,-36.17,25.35,-8.48,0.0,0.0,0.0,0.0,0.0,13.38,GNSS_LOCKED,0.14,123.42,-7.73,3.0,3.71,False,False,False,False
1788947251829,-0.1202,-0.1292,9.8465,0.00067,0.00013,0.0,-36.02,25.88,-7.5,0.0,0.0,0.0,0.0,0.0,13.38,GNSS_LOCKED,0.14,122.91,-7.72,2.98,3.72,False,False,False,False
1788947251949,-0.1035,-0.1292,9.856,0.00067,0.00013,0.00053,-35.49,25.91,-7.59,0.0,0.0,0.0,0.0,0.0,13.36,GNSS_LOCKED,0.14,122.4,-7.72,2.96,3.72,False,False,False,False
1788947252071,-0.1083,-0.1388,9.8369,0.00067,-0.00093,0.0,-35.91,25.8,-8.01,0.0,0.0,0.0,0.0,0.0,13.36,GNSS_LOCKED,0.14,121.89,-7.71,2.94,3.73,False,False,False,False
1788947252190,-0.1202,-0.1292,9.8441,0.00173,0.00013,-0.00107,-36.26,26.48,-7.8,0.0,0.0,0.0,0.0,0.0,13.36,GNSS_LOCKED,0.14,121.39,-7.7,2.92,3.74,False,False,False,False
1788947252312,-0.1083,-0.1364,9.8584,0.0012,-0.00093,0.0,-35.7,26.31,-7.99,0.0,0.0,0.0,0.0,0.0,13.36,GNSS_LOCKED,0.14,120.88,-7.7,2.9,3.74,False,False,False,False
1788947252437,-0.0939,-0.1412,9.8369,0.00067,0.00013,0.0,-35.83,26.16,-7.33,0.0,0.0,0.0,0.0,0.0,13.36,GNSS_LOCKED,0.14,120.38,-7.69,2.88,3.75,False,False,False,False
1788947252558,-0.1083,-0.134,9.8441,0.00067,0.00013,0.0,-36.47,26.06,-6.51,0.0,0.0,0.0,0.0,0.0,13.36,GNSS_LOCKED,0.14,119.87,-7.68,2.86,3.75,False,False,False,False
1788947252679,-0.1155,-0.134,9.8441,0.0012,-0.0004,0.0,-36.08,25.91,-6.68,0.0,0.0,0.0,0.0,0.0,13.36,GNSS_LOCKED,0.14,119.37,-7.68,2.84,3.76,False,False,False,False
1788947252799,-0.1011,-0.1149,9.8536,0.00067,0.00013,0.0,-35.96,26.03,-7.93,0.0,0.0,0.0,0.0,0.0,13.36,GNSS_LOCKED,0.14,118.86,-7.67,2.82,3.77,False,False,False,False
1788947252918,-0.1083,-0.1364,9.8465,0.00067,0.00013,0.0,-36.02,26.64,-7.99,0.0,0.0,0.0,0.0,0.0,13.63,GNSS_LOCKED,0.14,118.36,-7.67,2.8,3.77,False,False,False,False
1788947253029,-0.1131,-0.1388,9.8513,0.00067,0.00013,-0.00053,-35.89,25.91,-6.94,0.0,0.0,0.0,0.0,0.0,13.63,GNSS_LOCKED,0.14,117.86,-7.66,2.78,3.78,False,False,False,False
1788947253151,-0.0891,-0.1292,9.8369,0.00013,-0.00093,0.0,-35.81,26.27,-7.93,0.0,0.0,0.0,0.0,0.0,13.63,GNSS_LOCKED,0.14,117.35,-7.65,2.77,3.78,False,False,False,False
1788947253272,-0.1131,-0.146,9.8417,0.00067,-0.0004,0.0,-35.79,26.1,-8.12,0.0,0.0,0.0,0.0,0.0,13.63,GNSS_LOCKED,0.14,116.85,-7.65,2.75,3.79,False,False,False,False
1788947253397,-0.1202,-0.1292,9.8465,0.0012,0.00013,0.0,-35.72,25.69,-7.88,0.0,0.0,0.0,0.0,0.0,13.63,GNSS_LOCKED,0.14,116.34,-7.64,2.73,3.79,False,False,False,False
1788947253517,-0.1226,-0.134,9.8417,0.00067,-0.00093,-0.00053,-36.38,26.51,-8.23,0.0,0.0,0.0,0.0,0.0,13.63,GNSS_LOCKED,0.14,115.84,-7.63,2.71,3.8,False,False,False,False
1788947253638,-0.1155,-0.146,9.8369,0.00067,0.00013,0.0,-35.83,26.87,-8.66,0.0,0.0,0.0,0.0,0.0,13.63,GNSS_LOCKED,0.14,115.33,-7.63,2.69,3.8,False,False,False,False
1788947253758,-0.1011,-0.1364,9.856,0.00173,-0.0004,0.0,-36.08,26.53,-8.93,0.0,0.0,0.0,0.0,0.0,13.63,GNSS_LOCKED,0.14,114.83,-7.62,2.67,3.81,False,False,False,False
1788947253878,-0.0963,-0.122,9.8632,0.00173,-0.0004,0.00053,-36.13,25.95,-8.81,0.0,0.0,0.0,0.0,0.0,13.63,GNSS_LOCKED,0.14,114.32,-7.62,2.66,3.81,False,False,False,False
1788947254000,-0.1107,-0.1412,9.8369,0.00067,0.00013,0.0,-35.89,26.38,-8.12,0.0,0.0,0.0,0.0,0.0,13.77,GNSS_LOCKED,0.14,113.82,-7.61,2.64,3.82,False,False,False,False
1788947254126,-0.1059,-0.1316,9.8393,0.0012,-0.0004,0.00053,-36.71,26.12,-7.67,0.0,0.0,0.0,0.0,0.0,13.77,GNSS_LOCKED,0.14,113.31,-7.6,2.62,3.82,False,False,False,False
1788947254247,-0.1155,-0.1172,9.856,0.0012,0.00013,0.00053,-36.24,26.14,-8.12,0.0,0.0,0.0,0.0,0.0,13.77,GNSS_LOCKED,0.14,112.81,-7.6,2.6,3.83,False,False,False,False
1788947254368,-0.1131,-0.1388,9.856,0.0012,0.00013,-0.00053,-35.66,26.29,-7.86,0.0,0.0,0.0,0.0,0.0,13.77,GNSS_LOCKED,0.14,112.31,-7.59,2.59,3.83,False,False,False,False
1788947254491,-0.1107,-0.1412,9.8369,0.00067,-0.0004,0.0,-35.1,26.03,-8.66,0.0,0.0,0.0,0.0,0.0,13.77,GNSS_LOCKED,0.14,111.8,-7.59,2.57,3.84,False,False,False,False
1788947254618,-0.0987,-0.134,9.8513,0.00067,0.00013,0.00107,-35.74,26.61,-8.66,0.0,0.0,0.0,0.0,0.0,13.77,GNSS_LOCKED,0.14,111.3,-7.58,2.55,3.84,False,False,False,False
1788947254743,-0.1155,-0.1436,9.8417,0.00067,0.00013,0.0,-35.66,26.25,-8.16,0.0,0.0,0.0,0.0,0.0,13.77,GNSS_LOCKED,0.14,110.79,-7.58,2.54,3.85,False,False,False,False
1788947254866,-0.1035,-0.1412,9.8369,0.00013,-0.00093,0.0,-35.96,26.34,-7.73,0.0,0.0,0.0,0.0,0.0,13.77,GNSS_LOCKED,0.14,110.29,-7.57,2.52,3.85,False,False,False,False
1788947254990,-0.0939,-0.1412,9.8441,0.00067,0.00013,0.0,-36.06,26.21,-7.84,0.0,0.0,0.0,0.0,0.0,13.54,GNSS_LOCKED,0.14,109.78,-7.57,2.5,3.86,False,False,False,False
1788947255110,-0.1107,-0.146,9.8321,0.0012,0.00013,-0.00053,-35.85,26.44,-8.81,0.0,0.0,0.0,0.0,0.0,13.54,GNSS_LOCKED,0.14,109.28,-7.56,2.49,3.86,False,False,False,False
1788947255236,-0.0963,-0.1412,9.8441,0.00067,-0.0004,0.0,-36.06,26.18,-8.33,0.0,0.0,0.0,0.0,0.0,13.54,GNSS_LOCKED,0.14,108.78,-7.55,2.47,3.87,False,False,False,False
1788947255358,-0.0987,-0.1316,9.8345,0.00067,-0.00093,-0.00107,-36.21,26.12,-7.35,0.0,0.0,0.0,0.0,0.0,13.54,GNSS_LOCKED,0.14,108.28,-7.55,2.46,3.87,False,False,False,False
1788947255479,-0.1155,-0.1388,9.8393,0.0012,-0.0004,-0.00053,-36.23,25.82,-7.5,0.0,0.0,0.0,0.0,0.0,13.54,GNSS_LOCKED,0.14,107.78,-7.54,2.44,3.88,False,False,False,False
1788947255601,-0.0963,-0.1412,9.8393,0.0012,-0.0004,0.0,-36.15,25.63,-7.86,0.0,0.0,0.0,0.0,0.0,13.54,GNSS_LOCKED,0.14,107.28,-7.54,2.42,3.88,False,False,False,False
1788947255725,-0.1107,-0.1196,9.8321,0.00067,-0.0004,0.0,-36.08,25.91,-8.21,0.0,0.0,0.0,0.0,0.0,13.54,GNSS_LOCKED,0.14,106.78,-7.53,2.41,3.88,False,False,False,False
1788947255843,-0.1107,-0.1388,9.8465,0.00067,-0.0004,0.0,-36.15,26.7,-9.04,0.0,0.0,0.0,0.0,0.0,13.54,GNSS_LOCKED,0.14,106.28,-7.53,2.39,3.89,False,False,False,False
1788947255964,-0.1035,-0.1412,9.856,0.0012,0.00013,0.0,-35.85,26.48,-9.54,0.0,0.0,0.0,0.0,0.0,13.5,GNSS_LOCKED,0.14,105.78,-7.52,2.38,3.89,False,False,False,False
1788947256075,-0.0987,-0.1412,9.8417,0.00067,-0.00093,0.0,-35.87,26.53,-9.32,0.0,0.0,0.0,0.0,0.0,13.5,GNSS_LOCKED,0.14,105.27,-7.52,2.36,3.9,False,False,False,False
1788947256188,-0.1035,-0.1316,9.8345,0.00067,0.00013,0.0,-35.36,26.14,-9.53,0.0,0.0,0.0,0.0,0.0,13.5,GNSS_LOCKED,0.14,104.77,-7.51,2.35,3.9,False,False,False,False
1788947256299,-0.1155,-0.1388,9.8489,0.0012,0.00013,-0.00053,-35.83,25.88,-9.26,0.0,0.0,0.0,0.0,0.0,13.5,GNSS_LOCKED,0.14,104.27,-7.51,2.33,3.91,False,False,False,False
1788947256414,-0.1178,-0.1484,9.8465,0.00067,-0.00093,0.0,-35.33,26.63,-9.09,0.0,0.0,0.0,0.0,0.0,13.5,GNSS_LOCKED,0.14,103.77,-7.5,2.32,3.91,False,False,False,False
1788947256524,-0.1131,-0.134,9.8417,0.00013,0.00013,0.0,-35.57,26.93,-8.94,0.0,0.0,0.0,0.0,0.0,13.5,GNSS_LOCKED,0.14,103.27,-7.5,2.3,3.91,False,False,False,False
1788947256635,-0.1083,-0.1364,9.8345,0.0012,0.00013,0.0,-36.15,26.68,-8.66,0.0,0.0,0.0,0.0,0.0,13.5,GNSS_LOCKED,0.14,102.77,-7.5,2.29,3.92,False,False,False,False
1788947256755,-0.1059,-0.1316,9.8417,0.00067,-0.00093,0.0,-36.23,26.42,-8.14,0.0,0.0,0.0,0.0,0.0,13.5,GNSS_LOCKED,0.14,102.26,-7.49,2.27,3.92,False,False,False,False
1788947256877,-0.0987,-0.1388,9.8584,0.00067,-0.0004,0.00053,-36.17,26.63,-8.74,0.0,0.0,0.0,0.0,0.0,13.5,GNSS_LOCKED,0.14,101.76,-7.49,2.26,3.93,False,False,False,False
1788947257000,-0.0987,-0.1484,9.8489,0.00173,0.00013,0.0,-35.79,26.79,-8.83,0.0,0.0,0.0,0.0,0.0,12.75,GNSS_LOCKED,0.14,101.26,-7.48,2.25,3.93,False,False,False,False
1788947257113,-0.1131,-0.1388,9.8489,0.0012,0.00013,0.0,-35.85,26.23,-9.0,0.0,0.0,0.0,0.0,0.0,12.75,GNSS_LOCKED,0.14,100.76,-7.48,2.23,3.93,False,False,False,False
1788947257220,-0.1131,-0.1507,9.8489,0.00067,-0.00093,-0.00107,-36.49,26.74,-9.71,0.0,0.0,0.0,0.0,0.0,12.75,GNSS_LOCKED,0.14,100.26,-7.47,2.22,3.94,False,False,False,False
1788947257331,-0.1035,-0.1484,9.8417,0.00013,-0.00093,0.0,-36.0,26.66,-8.85,0.0,0.0,0.0,0.0,0.0,12.75,GNSS_LOCKED,0.14,99.76,-7.47,2.2,3.94,False,False,False,False
1788947257443,-0.1011,-0.1388,9.8489,-0.0004,-0.00093,-0.00053,-35.31,26.04,-8.04,0.0,0.0,0.0,0.0,0.0,12.75,GNSS_LOCKED,0.14,99.26,-7.46,2.19,3.95,False,False,False,False
1788947257555,-0.0987,-0.1436,9.8465,0.00013,-0.0004,0.0,-35.76,26.4,-8.61,0.0,0.0,0.0,0.0,0.0,12.75,GNSS_LOCKED,0.14,98.76,-7.46,2.18,3.95,False,False,False,False
1788947257667,-0.0915,-0.1268,9.8536,0.00067,-0.0004,0.0,-36.02,26.29,-8.42,0.0,0.0,0.0,0.0,0.0,12.75,GNSS_LOCKED,0.14,98.26,-7.46,2.16,3.95,False,False,False,False
1788947257778,-0.0939,-0.122,9.856,0.00013,-0.00093,0.0,-36.69,26.68,-7.91,0.0,0.0,0.0,0.0,0.0,12.75,GNSS_LOCKED,0.14,97.77,-7.45,2.15,3.96,False,False,False,False
1788947257892,-0.1011,-0.1436,9.8584,0.00067,-0.0004,0.0,-36.41,26.7,-7.99,0.0,0.0,0.0,0.0,0.0,12.75,GNSS_LOCKED,0.14,97.27,-7.45,2.14,3.96,False,False,False,False
1788947258004,-0.1059,-0.1388,9.8513,0.0012,-0.0004,-0.00053,-36.04,26.61,-8.72,0.0,0.0,0.0,0.0,0.0,13.27,GNSS_LOCKED,0.14,96.77,-7.44,2.12,3.97,False,False,False,False
1788947258128,-0.1155,-0.1316,9.856,-0.0004,0.00013,0.0,-36.19,26.53,-7.76,0.0,0.0,0.0,0.0,0.0,13.27,GNSS_LOCKED,0.14,96.28,-7.44,2.11,3.97,False,False,False,False
1788947258253,-0.1035,-0.1244,9.8489,-0.0004,-0.00093,0.0,-36.24,26.29,-8.1,0.0,0.0,0.0,0.0,0.0,13.27,GNSS_LOCKED,0.14,95.78,-7.44,2.1,3.97,False,False,False,False
1788947258372,-0.1083,-0.1292,9.8489,0.00013,0.00013,0.0,-36.15,26.21,-8.16,0.0,0.0,0.0,0.0,0.0,13.27,GNSS_LOCKED,0.14,95.28,-7.43,2.08,3.98,False,False,False,False
1788947258484,-0.1131,-0.1316,9.8273,0.00067,-0.00093,0.0,-36.17,26.57,-9.26,0.0,0.0,0.0,0.0,0.0,13.27,GNSS_LOCKED,0.14,94.78,-7.43,2.07,3.98,False,False,False,False
1788947258596,-0.1083,-0.134,9.8513,0.00013,0.00013,0.0,-36.77,26.44,-8.79,0.0,0.0,0.0,0.0,0.0,13.27,GNSS_LOCKED,0.14,94.29,-7.43,2.06,3.98,False,False,False,False
1788947258716,-0.1035,-0.134,9.8297,0.00013,0.00013,0.0,-36.34,26.44,-7.2,0.0,0.0,0.0,0.0,0.0,13.27,GNSS_LOCKED,0.14,93.79,-7.42,2.05,3.99,False,False,False,False
1788947258839,-0.1035,-0.1149,9.8513,0.00067,0.00013,-0.00053,-35.72,25.99,-7.91,0.0,0.0,0.0,0.0,0.0,13.27,GNSS_LOCKED,0.14,93.3,-7.42,2.03,3.99,False,False,False,False
1788947258962,-0.1011,-0.134,9.8393,0.00013,0.00013,0.0,-35.72,25.71,-8.01,0.0,0.0,0.0,0.0,0.0,13.97,GNSS_LOCKED,0.14,92.8,-7.41,2.02,3.99,False,False,False,False
1788947259084,-0.1011,-0.134,9.8465,0.00067,-0.00093,-0.00053,-35.59,26.03,-8.06,0.0,0.0,0.0,0.0,0.0,13.97,GNSS_LOCKED,0.14,92.31,-7.41,2.01,4.0,False,False,False,False
1788947259206,-0.1107,-0.1388,9.8489,0.00067,-0.00093,0.0,-35.57,26.29,-8.34,0.0,0.0,0.0,0.0,0.0,13.97,GNSS_LOCKED,0.14,91.81,-7.41,2.0,4.0,False,False,False,False
1788947259326,-0.1035,-0.1436,9.8465,0.00067,-0.0004,-0.00053,-35.76,25.58,-7.84,0.0,0.0,0.0,0.0,0.0,13.97,GNSS_LOCKED,0.14,91.31,-7.4,1.98,4.0,False,False,False,False
1788947259447,-0.1083,-0.1436,9.8417,-0.0004,-0.00093,-0.00107,-35.83,26.42,-8.51,0.0,0.0,0.0,0.0,0.0,13.97,GNSS_LOCKED,0.14,90.82,-7.4,1.97,4.01,False,False,False,False
1788947259566,-0.1011,-0.146,9.8441,0.00013,0.00013,0.0,-35.81,26.21,-8.21,0.0,0.0,0.0,0.0,0.0,13.97,GNSS_LOCKED,0.14,90.32,-7.4,1.96,4.01,False,False,False,False
1788947259686,-0.1107,-0.1436,9.8441,0.00013,0.00013,0.0,-35.91,26.14,-8.49,0.0,0.0,0.0,0.0,0.0,13.97,GNSS_LOCKED,0.14,89.82,-7.39,1.95,4.02,False,False,False,False
1788947259806,-0.1011,-0.1412,9.8441,0.00013,0.00013,0.0,-35.76,26.01,-8.04,0.0,0.0,0.0,0.0,0.0,13.97,GNSS_LOCKED,0.14,89.32,-7.39,1.94,4.02,False,False,False,False
1788947259925,-0.1131,-0.1436,9.8441,0.00067,0.00013,0.0,-35.57,26.36,-8.25,0.0,0.0,0.0,0.0,0.0,14.28,GNSS_LOCKED,0.14,88.82,-7.39,1.93,4.02,False,False,False,False
1788947260040,-0.0987,-0.122,9.8465,0.00067,0.00013,0.0,-36.21,26.34,-8.25,0.0,0.0,0.0,0.0,0.0,14.28,GNSS_LOCKED,0.14,88.33,-7.39,1.91,4.03,False,False,False,False
1788947260159,-0.0939,-0.1484,9.8536,-0.0004,0.00013,0.0,-36.28,26.4,-8.31,0.0,0.0,0.0,0.0,0.0,14.28,GNSS_LOCKED,0.14,87.84,-7.38,1.9,4.03,False,False,False,False
1788947260284,-0.0963,-0.134,9.8441,0.00013,0.00013,0.0,-35.42,26.27,-7.74,0.0,0.0,0.0,0.0,0.0,14.28,GNSS_LOCKED,0.14,87.34,-7.38,1.89,4.03,False,False,False,False
1788947260406,-0.1059,-0.1412,9.8465,0.00013,-0.00093,-0.00053,-35.14,26.34,-8.03,0.0,0.0,0.0,0.0,0.0,14.28,GNSS_LOCKED,0.14,86.85,-7.38,1.88,4.04,False,False,False,False
1788947260527,-0.1035,-0.1196,9.856,-0.0004,0.00013,0.0,-35.79,26.38,-7.65,0.0,0.0,0.0,0.0,0.0,14.28,GNSS_LOCKED,0.14,86.36,-7.37,1.87,4.04,False,False,False,False
1788947260647,-0.1083,-0.1436,9.8465,0.00067,-0.00093,0.0,-36.13,26.14,-7.82,0.0,0.0,0.0,0.0,0.0,14.28,GNSS_LOCKED,0.14,85.86,-7.37,1.86,4.04,False,False,False,False
1788947260765,-0.1035,-0.1268,9.8489,0.00067,0.00013,0.00053,-35.55,25.97,-8.29,0.0,0.0,0.0,0.0,0.0,14.28,GNSS_LOCKED,0.14,85.36,-7.37,1.85,4.05,False,False,False,False
1788947260886,-0.0867,-0.146,9.8465,0.00173,0.00013,0.0,-36.17,26.1,-8.03,0.0,0.0,0.0,0.0,0.0,14.28,GNSS_LOCKED,0.14,84.87,-7.36,1.84,4.05,False,False,False,False
1788947261006,-0.1083,-0.1316,9.8489,0.0012,-0.00093,0.0,-35.59,26.42,-8.19,0.0,0.0,0.0,0.0,0.0,14.23,GNSS_LOCKED,0.14,84.37,-7.36,1.83,4.06,False,False,False,False
1788947261126,-0.1083,-0.1412,9.8417,0.00067,0.00013,0.0,-35.87,26.72,-7.8,0.0,0.0,0.0,0.0,0.0,14.23,GNSS_LOCKED,0.14,83.88,-7.36,1.81,4.06,False,False,False,False
1788947261246,-0.0891,-0.134,9.856,0.00067,0.00013,0.0,-36.11,27.41,-8.4,0.0,0.0,0.0,0.0,0.0,14.23,GNSS_LOCKED,0.14,83.38,-7.35,1.8,4.06,False,False,False,False
1788947261358,-0.0987,-0.1364,9.8465,0.00067,-0.0004,-0.00053,-35.93,26.48,-7.93,0.0,0.0,0.0,0.0,0.0,14.23,GNSS_LOCKED,0.14,82.89,-7.35,1.79,4.07,False,False,False,False
1788947261479,-0.1107,-0.1484,9.8393,0.00067,-0.0004,0.0,-35.68,25.95,-7.97,0.0,0.0,0.0,0.0,0.0,14.23,GNSS_LOCKED,0.14,82.39,-7.35,1.78,4.07,False,False,False,False
1788947261604,-0.1107,-0.1316,9.8536,0.00067,0.00013,0.0,-35.87,26.21,-7.54,0.0,0.0,0.0,0.0,0.0,14.23,GNSS_LOCKED,0.14,81.9,-7.35,1.77,4.07,False,False,False,False
1788947261727,-0.1131,-0.1292,9.856,0.00067,0.00013,0.0,-35.91,25.59,-8.01,0.0,0.0,0.0,0.0,0.0,14.23,GNSS_LOCKED,0.14,81.4,-7.34,1.76,4.08,False,False,False,False
1788947261848,-0.1178,-0.1364,9.8369,0.00013,0.00013,0.0,-35.96,26.12,-7.71,0.0,0.0,0.0,0.0,0.0,14.23,GNSS_LOCKED,0.14,80.91,-7.34,1.75,4.08,False,False,False,False
1788947261972,-0.0915,-0.1364,9.8489,0.00067,-0.0004,-0.00053,-35.83,26.94,-8.04,0.0,0.0,0.0,0.0,0.0,13.84,GNSS_LOCKED,0.14,80.41,-7.34,1.74,4.08,False,False,False,False
1788947262094,-0.1059,-0.1172,9.856,0.0012,0.00013,0.0,-35.83,26.42,-7.52,0.0,0.0,0.0,0.0,0.0,13.84,GNSS_LOCKED,0.14,79.92,-7.33,1.73,4.09,False,False,False,False
1788947262214,-0.1059,-0.1244,9.856,0.00067,0.00013,0.00053,-35.89,26.21,-8.23,0.0,0.0,0.0,0.0,0.0,13.84,GNSS_LOCKED,0.14,79.43,-7.33,1.72,4.09,False,False,False,False
1788947262333,-0.1083,-0.1436,9.8369,0.00013,0.00013,0.00053,-35.78,26.19,-8.72,0.0,0.0,0.0,0.0,0.0,13.84,GNSS_LOCKED,0.14,78.93,-7.33,1.71,4.09,False,False,False,False
1788947262454,-0.0915,-0.134,9.8513,0.00067,-0.0004,-0.00053,-36.23,25.65,-7.61,0.0,0.0,0.0,0.0,0.0,13.84,GNSS_LOCKED,0.14,78.44,-7.33,1.7,4.1,False,False,False,False
1788947262567,-0.1083,-0.1268,9.8513,0.00067,-0.00093,0.0,-35.93,26.29,-7.82,0.0,0.0,0.0,0.0,0.0,13.84,GNSS_LOCKED,0.14,77.94,-7.32,1.69,4.1,False,False,False,False
1788947262687,-0.1202,-0.1412,9.8536,0.0012,-0.00093,0.0,-35.38,26.16,-7.26,0.0,0.0,0.0,0.0,0.0,13.84,GNSS_LOCKED,0.14,77.44,-7.32,1.68,4.1,False,False,False,False
1788947262807,-0.1035,-0.146,9.8465,0.0012,0.00067,0.00053,-35.29,26.03,-7.67,0.0,0.0,0.0,0.0,0.0,13.84,GNSS_LOCKED,0.14,76.94,-7.32,1.67,4.11,False,False,False,False
1788947262925,-0.0867,-0.1316,9.8369,0.00067,0.00013,0.0,-35.36,26.51,-7.91,0.0,0.0,0.0,0.0,0.0,13.56,GNSS_LOCKED,0.14,76.45,-7.32,1.66,4.11,False,False,False,False
1788947263042,-0.1083,-0.1364,9.8513,0.00067,-0.00093,0.0,-35.78,26.12,-7.89,0.0,0.0,0.0,0.0,0.0,13.56,GNSS_LOCKED,0.14,75.95,-7.31,1.65,4.11,False,False,False,False
1788947263159,-0.1083,-0.1507,9.8393,0.00067,-0.0004,0.0,-35.79,26.53,-8.96,0.0,0.0,0.0,0.0,0.0,13.56,GNSS_LOCKED,0.14,75.45,-7.31,1.65,4.12,False,False,False,False
1788947263283,-0.0963,-0.1292,9.8465,0.00067,0.00013,0.00053,-35.38,26.25,-8.31,0.0,0.0,0.0,0.0,0.0,13.56,GNSS_LOCKED,0.14,74.95,-7.31,1.64,4.12,False,False,False,False
1788947263407,-0.1083,-0.1412,9.8584,0.0012,-0.00093,0.0,-35.79,26.14,-8.33,0.0,0.0,0.0,0.0,0.0,13.56,GNSS_LOCKED,0.14,74.45,-7.31,1.63,4.12,False,False,False,False
1788947263528,-0.1202,-0.1436,9.8489,0.00013,0.00013,-0.00053,-35.29,26.04,-8.04,0.0,0.0,0.0,0.0,0.0,13.56,GNSS_LOCKED,0.14,73.96,-7.3,1.62,4.12,False,False,False,False
1788947263651,-0.1274,-0.1507,9.8536,0.0012,0.00013,0.0,-35.68,25.91,-8.44,0.0,0.0,0.0,0.0,0.0,13.56,GNSS_LOCKED,0.14,73.46,-7.3,1.61,4.13,False,False,False,False
1788947263772,-0.1107,-0.1125,9.8656,0.00173,0.00013,0.0,-35.96,26.38,-6.98,0.0,0.0,0.0,0.0,0.0,13.56,GNSS_LOCKED,0.14,72.96,-7.3,1.6,4.13,False,False,False,False
1788947263893,-0.1059,-0.1149,9.8584,-0.0004,-0.00093,0.0,-36.06,26.34,-7.99,0.0,0.0,0.0,0.0,0.0,13.56,GNSS_LOCKED,0.14,72.47,-7.3,1.59,4.13,False,False,False,False
1788947264016,-0.0987,-0.1579,9.8345,0.00013,-0.00093,0.0,-36.08,26.33,-8.18,0.0,0.0,0.0,0.0,0.0,13.74,GNSS_LOCKED,0.14,71.97,-7.29,1.58,4.14,False,False,False,False
1788947264134,-0.1226,-0.1388,9.8465,0.0012,0.00013,0.0,-35.4,26.29,-8.19,0.0,0.0,0.0,0.0,0.0,13.74,GNSS_LOCKED,0.14,71.47,-7.29,1.57,4.14,False,False,False,False
1788947264256,-0.0915,-0.1268,9.8656,0.0028,0.00013,0.00053,-35.93,26.49,-8.36,0.0,0.0,0.0,0.0,0.0,13.74,GNSS_LOCKED,0.14,70.98,-7.29,1.57,4.14,False,False,False,False
1788947264380,-0.0628,-0.0431,9.8943,0.00067,0.00013,-0.00107,-35.91,26.4,-8.01,0.0,0.0,0.0,0.0,0.0,13.74,GNSS_LOCKED,0.14,70.51,-7.29,1.56,4.14,False,False,False,False
1788947264503,0.0742,0.1968,9.9278,-0.00093,0.00013,-0.0032,-35.51,26.7,-8.55,0.0,0.0,0.0,0.0,0.0,13.74,GNSS_LOCKED,0.14,70.13,-7.29,1.55,4.15,False,False,False,False
1788947264622,-0.7807,-0.3135,9.7795,-0.00573,-0.0004,0.00586,-35.81,27.02,-8.78,0.0,0.0,0.0,0.0,0.0,13.74,GNSS_LOCKED,0.35,69.52,-7.28,1.54,4.15,False,False,False,False
1788947264742,-0.1537,-0.3852,9.7029,-0.00679,-0.00253,-0.00213,-35.68,26.49,-9.34,0.0,0.0,0.0,0.0,0.0,13.74,GNSS_LOCKED,0.37,68.94,-7.28,1.53,4.15,False,False,False,False
1788947264862,-0.0221,-0.0096,9.9063,0.00493,0.00226,0.0016,-36.13,26.14,-8.61,0.0,0.0,0.0,0.0,0.0,13.74,GNSS_LOCKED,0.33,68.44,-7.28,1.52,4.16,False,False,False,False
1788947264982,-0.4337,-0.0598,9.8919,0.00013,0.00067,0.00053,-35.94,26.27,-8.16,0.0,0.0,0.0,0.0,0.0,13.55,GNSS_LOCKED,0.41,67.93,-7.28,1.51,4.16,False,False,False,False
1788947265102,-0.3787,-0.055,9.9015,-0.0004,0.00067,0.0,-36.0,25.88,-7.91,0.0,0.0,0.0,0.0,0.0,13.55,GNSS_LOCKED,0.67,67.43,-7.27,1.51,4.16,False,False,False,False
1788947265223,-0.0317,-0.1914,9.813,-0.00146,-0.00093,-0.00107,-35.38,25.91,-7.59,0.0,0.0,0.0,0.0,0.0,13.55,GNSS_LOCKED,0.72,66.93,-7.27,1.5,4.16,False,False,False,False
1788947265344,-0.1609,-0.1053,9.868,0.00386,0.0012,0.00053,-35.72,26.57,-7.99,0.0,0.0,0.0,0.0,0.0,13.55,GNSS_LOCKED,0.72,66.43,-7.27,1.49,4.17,False,False,False,False
1788947265460,-0.2518,-0.0622,9.8919,0.00386,0.00013,0.00053,-36.06,26.36,-8.57,0.0,0.0,0.0,0.0,0.0,13.55,GNSS_LOCKED,0.65,65.94,-7.27,1.48,4.17,False,False,False,False
1788947265582,-0.1896,-0.0766,9.8752,0.0012,0.00013,-0.00053,-35.46,26.53,-7.88,0.0,0.0,0.0,0.0,0.0,13.55,GNSS_LOCKED,0.7,65.46,-7.27,1.47,4.17,False,False,False,False
1788947265704,0.0335,-0.0885,9.8704,-0.00093,0.00013,-0.00053,-35.63,25.86,-7.37,0.0,0.0,0.0,0.0,0.0,13.55,GNSS_LOCKED,0.79,64.99,-7.26,1.47,4.17,False,False,False,False
1788947265829,-0.2112,-0.1842,9.8201,0.00226,0.00013,0.0,-35.72,25.59,-8.16,0.0,0.0,0.0,0.0,0.0,13.55,GNSS_LOCKED,0.37,64.49,-7.26,1.46,4.18,False,False,False,False
1788947265950,-0.1202,-0.0861,9.8848,0.00226,0.00013,0.0,-35.55,26.27,-7.73,0.0,0.0,0.0,0.0,0.0,13.71,GNSS_LOCKED,0.38,64.0,-7.26,1.45,4.18,False,False,False,False
1788947266070,-0.0389,-0.1819,9.8297,0.00173,-0.0004,0.00107,-35.66,25.8,-8.19,0.0,0.0,0.0,0.0,0.0,13.71,GNSS_LOCKED,0.36,63.5,-7.26,1.44,4.18,False,False,False,False
1788947266183,-0.0532,-0.1914,9.8225,-0.00093,0.00013,0.0,-35.91,26.16,-7.82,0.0,0.0,0.0,0.0,0.0,13.71,GNSS_LOCKED,0.21,62.99,-7.26,1.44,4.19,False,False,False,False
1788947266308,-0.149,-0.0861,9.856,0.00226,0.00067,0.00053,-36.41,25.86,-8.19,0.0,0.0,0.0,0.0,0.0,13.71,GNSS_LOCKED,0.14,62.5,-7.26,1.43,4.19,False,False,False,False
1788947266430,-0.1155,-0.146,9.8465,-0.0004,-0.00093,-0.00053,-35.59,26.94,-8.03,0.0,0.0,0.0,0.0,0.0,13.71,GNSS_LOCKED,0.14,62.0,-7.25,1.42,4.19,False,False,False,False
1788947266550,-0.07,-0.1531,9.8178,0.00013,0.00013,0.0,-36.11,26.64,-7.93,0.0,0.0,0.0,0.0,0.0,13.71,GNSS_LOCKED,0.14,61.5,-7.25,1.41,4.19,False,False,False,False
1788947266670,-0.1178,-0.1149,9.8417,0.00173,0.00013,0.00053,-35.91,26.04,-8.14,0.0,0.0,0.0,0.0,0.0,13.71,GNSS_LOCKED,0.14,61.01,-7.25,1.41,4.2,False,False,False,False
1788947266790,-0.1418,-0.1268,9.8656,0.00067,0.00013,0.0,-36.3,26.51,-7.56,0.0,0.0,0.0,0.0,0.0,13.71,GNSS_LOCKED,0.14,60.51,-7.25,1.4,4.2,False,False,False,False
1788947266912,-0.0891,-0.1484,9.8249,0.00013,0.00013,0.0,-35.79,26.12,-8.04,0.0,0.0,0.0,0.0,0.0,12.99,GNSS_LOCKED,0.14,60.01,-7.25,1.39,4.2,False,False,False,False
1788947267023,-0.0796,-0.1484,9.8273,0.00013,0.00013,0.0,-35.79,26.27,-9.24,0.0,0.0,0.0,0.0,0.0,12.99,GNSS_LOCKED,0.14,59.51,-7.25,1.38,4.21,False,False,False,False
1788947267150,-0.1178,-0.1292,9.8393,0.00067,-0.0004,0.00107,-35.63,26.18,-8.68,0.0,0.0,0.0,0.0,0.0,12.99,GNSS_LOCKED,0.14,59.01,-7.24,1.38,4.21,False,False,False,False
1788947267271,-0.1274,-0.1364,9.8345,0.00067,0.00013,0.0,-36.39,26.14,-8.44,0.0,0.0,0.0,0.0,0.0,12.99,GNSS_LOCKED,0.14,58.51,-7.24,1.37,4.21,False,False,False,False
1788947267391,-0.1083,-0.1579,9.8345,0.0012,-0.00093,0.00053,-36.08,26.33,-7.71,0.0,0.0,0.0,0.0,0.0,12.99,GNSS_LOCKED,0.14,58.0,-7.24,1.36,4.22,False,False,False,False
1788947267510,-0.0963,-0.1196,9.8536,0.0012,0.00013,0.0,-36.04,26.4,-8.21,0.0,0.0,0.0,0.0,0.0,12.99,GNSS_LOCKED,0.14,57.5,-7.24,1.35,4.22,False,False,False,False
1788947267629,-0.1178,-0.1484,9.8034,0.00173,0.00013,0.00053,-35.89,26.14,-7.78,0.0,0.0,0.0,0.0,0.0,12.99,GNSS_LOCKED,0.14,57.0,-7.24,1.35,4.22,False,False,False,False
1788947267749,-0.1561,-0.1938,9.8225,0.0012,0.00013,0.0,-35.19,26.7,-7.31,0.0,0.0,0.0,0.0,0.0,12.99,GNSS_LOCKED,0.14,56.48,-7.24,1.34,4.23,False,False,False,False
1788947267872,-0.1059,-0.2225,9.7986,0.00067,0.00013,0.00053,-36.26,26.29,-7.44,0.0,0.0,0.0,0.0,0.0,12.99,GNSS_LOCKED,0.14,55.95,-7.24,1.33,4.23,False,False,False,False
1788947267998,-0.0939,-0.0526,9.8943,0.00173,0.00013,0.0,-36.51,26.33,-8.57,0.0,0.0,0.0,0.0,0.0,12.7,GNSS_LOCKED,0.14,55.47,-7.23,1.33,4.23,False,False,False,False
1788947268121,-0.1202,-0.067,9.8728,0.0012,0.00013,0.00053,-35.68,27.02,-7.54,0.0,0.0,0.0,0.0,0.0,12.7,GNSS_LOCKED,0.14,54.99,-7.23,1.32,4.24,False,False,False,False
1788947268245,-0.1633,-0.1675,9.8297,-0.0004,0.00013,0.0,-35.78,26.66,-7.88,0.0,0.0,0.0,0.0,0.0,12.7,GNSS_LOCKED,0.14,54.48,-7.23,1.31,4.24,False,False,False,False
1788947268365,-0.0676,-0.122,9.8393,0.00226,-0.00093,0.0,-36.15,26.44,-8.59,0.0,0.0,0.0,0.0,0.0,12.7,GNSS_LOCKED,0.14,53.99,-7.23,1.31,4.24,False,False,False,False
1788947268487,-0.1466,-0.1244,9.8584,0.0012,0.00067,0.0,-36.54,26.42,-8.27,0.0,0.0,0.0,0.0,0.0,12.7,GNSS_LOCKED,0.14,53.49,-7.23,1.3,4.25,False,False,False,False
1788947268607,-0.1322,-0.1531,9.8321,-0.0004,0.00013,0.0,-35.78,25.69,-8.4,0.0,0.0,0.0,0.0,0.0,12.7,GNSS_LOCKED,0.14,52.99,-7.23,1.29,4.25,False,False,False,False
1788947268726,-0.0652,-0.1484,9.8297,0.0012,-0.00093,0.0,-35.7,25.84,-7.88,0.0,0.0,0.0,0.0,0.0,12.7,GNSS_LOCKED,0.14,52.49,-7.22,1.29,4.25,False,False,False,False
1788947268845,-0.0939,-0.122,9.8489,0.00173,0.00013,0.00053,-36.26,26.36,-7.58,0.0,0.0,0.0,0.0,0.0,12.7,GNSS_LOCKED,0.14,51.99,-7.22,1.28,4.26,False,False,False,False
1788947268964,-0.137,-0.1268,9.8465,0.00067,0.00013,0.00053,-36.21,25.89,-8.21,0.0,0.0,0.0,0.0,0.0,12.53,GNSS_LOCKED,0.14,51.49,-7.22,1.27,4.26,False,False,False,False
1788947269087,-0.0963,-0.1436,9.8369,0.00067,-0.00093,-0.00107,-35.87,26.03,-7.71,0.0,0.0,0.0,0.0,0.0,12.53,GNSS_LOCKED,0.14,50.99,-7.22,1.27,4.26,False,False,False,False
1788947269210,-0.0628,-0.1484,9.8345,0.00067,-0.0004,0.0,-35.46,26.16,-8.03,0.0,0.0,0.0,0.0,0.0,12.53,GNSS_LOCKED,0.14,50.5,-7.22,1.26,4.26,False,False,False,False
1788947269334,-0.1202,-0.1268,9.8608,0.00067,0.00013,0.0,-35.66,27.24,-8.1,0.0,0.0,0.0,0.0,0.0,12.53,GNSS_LOCKED,0.14,50.0,-7.22,1.25,4.27,False,False,False,False
1788947269445,-0.1298,-0.1388,9.8417,0.00067,0.00013,0.0,-35.36,26.76,-8.29,0.0,0.0,0.0,0.0,0.0,12.53,GNSS_LOCKED,0.14,49.5,-7.21,1.25,4.27,False,False,False,False
1788947269558,-0.0796,-0.1507,9.8417,0.00067,-0.00093,0.0,-35.94,26.49,-8.55,0.0,0.0,0.0,0.0,0.0,12.53,GNSS_LOCKED,0.14,49.0,-7.21,1.24,4.27,False,False,False,False
1788947269670,-0.0748,-0.134,9.8417,0.00067,0.00013,-0.00107,-35.85,26.96,-8.53,0.0,0.0,0.0,0.0,0.0,12.53,GNSS_LOCKED,0.14,48.51,-7.21,1.23,4.28,False,False,False,False
1788947269783,-0.0724,-0.1364,9.8441,0.0012,-0.0004,-0.00053,-36.43,26.46,-8.7,0.0,0.0,0.0,0.0,0.0,12.53,GNSS_LOCKED,0.14,48.02,-7.21,1.23,4.28,False,False,False,False
1788947269895,-0.1274,-0.1555,9.8441,0.00173,0.00013,0.0,-36.43,26.46,-8.63,0.0,0.0,0.0,0.0,0.0,12.53,GNSS_LOCKED,0.14,47.51,-7.21,1.22,4.28,False,False,False,False
1788947270005,-0.125,-0.1364,9.8465,0.0012,0.00013,0.0,-35.85,26.31,-8.16,0.0,0.0,0.0,0.0,0.0,13.25,GNSS_LOCKED,0.14,47.01,-7.21,1.22,4.28,False,False,False,False
1788947270119,-0.1178,-0.1388,9.8489,0.00067,0.00013,0.00053,-35.81,26.51,-8.51,0.0,0.0,0.0,0.0,0.0,13.25,GNSS_LOCKED,0.14,46.5,-7.2,1.21,4.29,False,False,False,False
1788947270232,-0.0867,-0.1316,9.8393,0.00067,-0.00093,0.0,-35.93,25.78,-7.74,0.0,0.0,0.0,0.0,0.0,13.25,GNSS_LOCKED,0.14,46.0,-7.2,1.2,4.29,False,False,False,False
1788947270344,-0.1035,-0.1388,9.8297,0.0012,-0.00093,0.0,-36.17,26.23,-8.89,0.0,0.0,0.0,0.0,0.0,13.25,GNSS_LOCKED,0.14,45.5,-7.2,1.2,4.29,False,False,False,False
1788947270456,-0.1202,-0.134,9.8489,0.00173,-0.0004,0.00107,-35.72,26.23,-9.24,0.0,0.0,0.0,0.0,0.0,13.25,GNSS_LOCKED,0.14,44.99,-7.2,1.19,4.3,False,False,False,False
1788947270569,-0.1178,-0.1316,9.856,0.00067,0.00013,0.00107,-35.21,26.29,-8.74,0.0,0.0,0.0,0.0,0.0,13.25,GNSS_LOCKED,0.14,44.49,-7.2,1.19,4.3,False,False,False,False
1788947270684,-0.0915,-0.1412,9.8393,0.00067,-0.0004,0.0,-35.57,25.93,-8.19,0.0,0.0,0.0,0.0,0.0,13.25,GNSS_LOCKED,0.14,43.99,-7.2,1.18,4.3,False,False,False,False
1788947270797,-0.0963,-0.1316,9.8489,0.00067,-0.00093,-0.00053,-36.17,25.93,-8.18,0.0,0.0,0.0,0.0,0.0,13.25,GNSS_LOCKED,0.14,43.49,-7.19,1.18,4.31,False,False,False,False
1788947270909,-0.0915,-0.1388,9.8369,0.00067,-0.0004,0.0,-35.61,26.48,-7.58,0.0,0.0,0.0,0.0,0.0,13.47,GNSS_LOCKED,0.14,42.99,-7.19,1.17,4.31,False,False,False,False
1788947271020,-0.1178,-0.1292,9.8513,0.0012,-0.00093,-0.00053,-35.19,25.84,-7.86,0.0,0.0,0.0,0.0,0.0,13.47,GNSS_LOCKED,0.14,42.49,-7.19,1.16,4.31,False,False,False,False
1788947271131,-0.1178,-0.1436,9.8441,0.00067,0.00013,0.0,-35.51,26.06,-8.1,0.0,0.0,0.0,0.0,0.0,13.47,GNSS_LOCKED,0.14,41.99,-7.19,1.16,4.32,False,False,False,False
1788947271244,-0.1011,-0.1412,9.8513,0.00067,-0.00093,0.0,-35.76,26.08,-8.38,0.0,0.0,0.0,0.0,0.0,13.47,GNSS_LOCKED,0.14,41.49,-7.19,1.15,4.32,False,False,False,False
1788947271359,-0.0843,-0.134,9.8369,0.00067,-0.0004,0.0,-36.04,25.78,-7.78,0.0,0.0,0.0,0.0,0.0,13.47,GNSS_LOCKED,0.14,40.99,-7.19,1.15,4.32,False,False,False,False
1788947271470,-0.0963,-0.146,9.8441,0.00173,0.00013,0.00053,-36.15,25.99,-8.31,0.0,0.0,0.0,0.0,0.0,13.47,GNSS_LOCKED,0.14,40.48,-7.19,1.14,4.33,False,False,False,False
1788947271581,-0.1059,-0.134,9.8393,0.00067,0.00013,-0.00107,-36.13,25.89,-8.38,0.0,0.0,0.0,0.0,0.0,13.47,GNSS_LOCKED,0.14,39.99,-7.18,1.14,4.33,False,False,False,False
1788947271693,-0.125,-0.1484,9.8417,0.00173,0.00013,-0.00053,-36.71,26.16,-8.48,0.0,0.0,0.0,0.0,0.0,13.47,GNSS_LOCKED,0.14,39.48,-7.18,1.13,4.33,False,False,False,False
1788947271804,-0.0987,-0.1412,9.8441,0.00067,0.00013,-0.00053,-36.3,25.74,-8.48,0.0,0.0,0.0,0.0,0.0,13.47,GNSS_LOCKED,0.14,38.98,-7.18,1.13,4.33,False,False,False,False
1788947271910,-0.1107,-0.1436,9.8393,0.00013,-0.00093,0.0,-36.53,26.16,-7.91,0.0,0.0,0.0,0.0,0.0,12.69,GNSS_LOCKED,0.14,38.48,-7.18,1.12,4.34,False,False,False,False
1788947272019,-0.1035,-0.1364,9.8536,0.00173,-0.0004,0.0,-35.33,26.59,-8.76,0.0,0.0,0.0,0.0,0.0,12.69,GNSS_LOCKED,0.14,37.98,-7.18,1.12,4.34,False,False,False,False
1788947272127,-0.1059,-0.1316,9.8441,0.00067,0.00013,0.0,-35.63,26.29,-8.63,0.0,0.0,0.0,0.0,0.0,12.69,GNSS_LOCKED,0.14,37.48,-7.18,1.11,4.34,False,False,False,False
1788947272238,-0.1107,-0.1292,9.8345,0.0012,-0.00093,0.0,-35.87,25.97,-8.78,0.0,0.0,0.0,0.0,0.0,12.69,GNSS_LOCKED,0.14,36.97,-7.17,1.11,4.35,False,False,False,False
1788947272349,-0.1298,-0.1172,9.9757,-0.0004,0.00067,0.00053,-35.91,26.63,-8.89,0.0,0.0,0.0,0.0,0.0,12.69,GNSS_LOCKED,0.14,36.48,-7.17,1.1,4.35,False,False,False,False
1788947272462,-0.1059,-0.1316,9.8369,0.0012,-0.0004,0.0,-35.38,27.06,-8.38,0.0,0.0,0.0,0.0,0.0,12.69,GNSS_LOCKED,0.14,35.98,-7.17,1.1,4.35,False,False,False,False
1788947272575,-0.0939,-0.1699,9.8154,0.00067,-0.0004,-0.00053,-35.89,26.83,-7.2,0.0,0.0,0.0,0.0,0.0,12.69,GNSS_LOCKED,0.14,35.48,-7.17,1.09,4.35,False,False,False,False
1788947272687,-0.0652,-0.1484,9.8417,0.0012,0.00013,0.0,-36.24,26.12,-7.52,0.0,0.0,0.0,0.0,0.0,12.69,GNSS_LOCKED,0.14,34.98,-7.17,1.09,4.36,False,False,False,False
1788947272798,-0.0939,-0.1196,9.8536,0.00173,0.00013,0.0,-35.91,26.49,-8.14,0.0,0.0,0.0,0.0,0.0,12.69,GNSS_LOCKED,0.14,34.48,-7.17,1.08,4.36,False,False,False,False
1788947272910,-0.1274,-0.1436,9.8321,0.00067,0.00013,0.0,-35.68,26.74,-7.39,0.0,0.0,0.0,0.0,0.0,12.2,GNSS_LOCKED,0.14,33.98,-7.17,1.08,4.36,False,False,False,False
1788947273022,-0.0915,-0.1436,9.8249,0.00067,-0.0004,-0.00053,-35.64,26.59,-7.44,0.0,0.0,0.0,0.0,0.0,12.2,GNSS_LOCKED,0.14,33.47,-7.16,1.07,4.37,False,False,False,False
1788947273134,-0.0963,-0.1388,9.8321,0.00013,-0.0004,0.0,-35.96,26.01,-8.01,0.0,0.0,0.0,0.0,0.0,12.2,GNSS_LOCKED,0.14,32.97,-7.16,1.07,4.37,False,False,False,False
1788947273247,-0.1202,-0.1531,9.8297,0.0012,0.00067,0.0,-36.11,26.89,-7.8,0.0,0.0,0.0,0.0,0.0,12.2,GNSS_LOCKED,0.14,32.46,-7.16,1.06,4.37,False,False,False,False
1788947273358,-0.1178,-0.134,9.8489,0.00173,-0.0004,-0.00053,-36.09,26.53,-8.18,0.0,0.0,0.0,0.0,0.0,12.2,GNSS_LOCKED,0.14,31.96,-7.16,1.06,4.37,False,False,False,False
1788947273469,-0.1131,-0.1244,9.8465,0.0028,0.00013,0.0,-35.55,25.78,-8.46,0.0,0.0,0.0,0.0,0.0,12.2,GNSS_LOCKED,0.14,31.46,-7.16,1.05,4.38,False,False,False,False
1788947273579,-0.1059,-0.1244,9.8632,0.00013,0.00013,0.0,-36.0,26.33,-7.5,0.0,0.0,0.0,0.0,0.0,12.2,GNSS_LOCKED,0.14,30.96,-7.16,1.05,4.38,False,False,False,False
1788947273694,-0.1059,-0.1436,9.8536,0.00013,-0.0004,0.0,-35.94,26.51,-7.48,0.0,0.0,0.0,0.0,0.0,12.2,GNSS_LOCKED,0.14,30.46,-7.16,1.04,4.38,False,False,False,False
1788947273805,-0.0676,-0.1531,9.8249,0.00013,-0.0004,-0.00053,-36.08,26.4,-8.7,0.0,0.0,0.0,0.0,0.0,12.2,GNSS_LOCKED,0.14,29.96,-7.16,1.04,4.38,False,False,False,False
1788947273917,-0.0891,-0.1364,9.8465,0.00067,0.00067,0.0,-35.93,26.04,-8.64,0.0,0.0,0.0,0.0,0.0,13.99,GNSS_LOCKED,0.14,29.46,-7.15,1.03,4.39,False,False,False,False
1788947274030,-0.1083,-0.1316,9.8393,0.00173,-0.00093,0.0,-36.36,26.16,-7.71,0.0,0.0,0.0,0.0,0.0,13.99,GNSS_LOCKED,0.14,28.96,-7.15,1.03,4.39,False,False,False,False
1788947274141,-0.1298,-0.1125,9.8536,0.00067,0.00013,0.0,-36.11,26.19,-7.54,0.0,0.0,0.0,0.0,0.0,13.99,GNSS_LOCKED,0.14,28.46,-7.15,1.02,4.39,False,False,False,False
1788947274253,-0.1131,-0.1388,9.8441,0.00173,-0.0004,0.0,-35.89,26.44,-7.82,0.0,0.0,0.0,0.0,0.0,13.99,GNSS_LOCKED,0.14,27.95,-7.15,1.02,4.39,False,False,False,False
1788947274366,-0.0963,-0.134,9.8369,0.00067,-0.0004,-0.00107,-36.11,26.25,-8.38,0.0,0.0,0.0,0.0,0.0,13.99,GNSS_LOCKED,0.14,27.46,-7.15,1.02,4.4,False,False,False,False
1788947274489,-0.1226,-0.146,9.8321,0.00067,-0.0004,0.0,-35.49,26.7,-7.44,0.0,0.0,0.0,0.0,0.0,13.99,GNSS_LOCKED,0.14,26.95,-7.15,1.01,4.4,False,False,False,False
1788947274614,-0.1178,-0.134,9.8321,0.0012,-0.0004,0.0,-35.79,26.96,-8.18,0.0,0.0,0.0,0.0,0.0,13.99,GNSS_LOCKED,0.14,26.44,-7.15,1.01,4.4,False,False,False,False
1788947274735,-0.1059,-0.1196,9.8465,0.00067,0.00013,0.0,-36.73,26.68,-8.46,0.0,0.0,0.0,0.0,0.0,13.99,GNSS_LOCKED,0.14,25.94,-7.15,1.0,4.4,False,False,False,False
1788947274858,-0.0987,-0.1244,9.8489,0.0012,0.00013,0.0,-36.32,26.18,-8.1,0.0,0.0,0.0,0.0,0.0,13.99,GNSS_LOCKED,0.14,25.44,-7.15,1.0,4.41,False,False,False,False
1788947274980,-0.1059,-0.1484,9.8441,0.0012,-0.0004,0.0,-36.41,26.53,-8.14,0.0,0.0,0.0,0.0,0.0,13.92,GNSS_LOCKED,0.14,24.94,-7.15,0.99,4.41,False,False,False,False
1788947275103,-0.0915,-0.1412,9.8632,0.00067,-0.0004,0.0,-35.38,26.36,-7.84,0.0,0.0,0.0,0.0,0.0,13.92,GNSS_LOCKED,0.14,24.44,-7.14,0.99,4.41,False,False,False,False
1788947275229,-0.125,-0.122,9.8608,0.0012,0.00013,0.0,-35.79,26.23,-7.95,0.0,0.0,0.0,0.0,0.0,13.92,GNSS_LOCKED,0.14,23.93,-7.14,0.99,4.42,False,False,False,False
1788947275350,-0.1202,-0.1172,9.8608,0.0012,0.00067,0.0,-36.02,26.66,-8.42,0.0,0.0,0.0,0.0,0.0,13.92,GNSS_LOCKED,0.14,23.44,-7.14,0.98,4.42,False,False,False,False
1788947275462,-0.0915,-0.1244,9.8417,0.0012,-0.00093,0.0,-35.85,26.49,-9.09,0.0,0.0,0.0,0.0,0.0,13.92,GNSS_LOCKED,0.14,22.94,-7.14,0.98,4.42,False,False,False,False
1788947275573,-0.0843,-0.1364,9.8536,0.0012,-0.0004,0.0,-35.42,26.25,-8.85,0.0,0.0,0.0,0.0,0.0,13.92,GNSS_LOCKED,0.14,22.44,-7.14,0.97,4.42,False,False,False,False
1788947275686,-0.1035,-0.1412,9.8321,0.00173,-0.0004,0.0,-35.44,26.33,-7.97,0.0,0.0,0.0,0.0,0.0,13.92,GNSS_LOCKED,0.14,21.94,-7.14,0.97,4.43,False,False,False,False
1788947275798,-0.1226,-0.1555,9.8249,0.00067,0.00013,0.0,-36.28,26.18,-7.43,0.0,0.0,0.0,0.0,0.0,13.92,GNSS_LOCKED,0.14,21.42,-7.14,0.96,4.43,False,False,False,False
1788947275910,-0.1274,-0.1555,9.8441,0.00067,0.00067,-0.00053,-36.45,25.93,-7.35,0.0,0.0,0.0,0.0,0.0,14.34,GNSS_LOCKED,0.14,20.91,-7.14,0.96,4.43,False,False,False,False
1788947276020,-0.1178,-0.1172,9.8704,0.00173,0.00013,0.00107,-36.21,26.04,-7.67,0.0,0.0,0.0,0.0,0.0,14.34,GNSS_LOCKED,0.14,20.4,-7.14,0.96,4.44,False,False,False,False
1788947276132,-0.0939,-0.1412,9.8345,0.00067,-0.0004,0.0,-36.28,26.08,-7.61,0.0,0.0,0.0,0.0,0.0,14.34,GNSS_LOCKED,0.14,19.89,-7.14,0.95,4.44,False,False,False,False
1788947276245,-0.0772,-0.1292,9.8321,0.00013,0.00013,-0.00053,-36.19,26.34,-7.52,0.0,0.0,0.0,0.0,0.0,14.34,GNSS_LOCKED,0.14,19.4,-7.14,0.95,4.44,False,False,False,False
1788947276358,-0.1059,-0.1747,9.8225,0.00067,0.00013,-0.00053,-36.49,26.03,-8.44,0.0,0.0,0.0,0.0,0.0,14.34,GNSS_LOCKED,0.14,18.89,-7.14,0.94,4.45,False,False,False,False
1788947276469,-0.1083,-0.1436,9.8441,0.00173,0.00013,0.0,-36.08,26.14,-8.04,0.0,0.0,0.0,0.0,0.0,14.34,GNSS_LOCKED,0.14,18.38,-7.14,0.94,4.45,False,False,False,False
1788947276582,-0.1083,-0.1268,9.856,0.00173,0.00013,0.00053,-36.06,26.29,-7.28,0.0,0.0,0.0,0.0,0.0,14.34,GNSS_LOCKED,0.14,17.87,-7.14,0.94,4.45,False,False,False,False
1788947276693,-0.1059,-0.1244,9.8489,0.00067,-0.0004,-0.00053,-35.76,26.12,-8.38,0.0,0.0,0.0,0.0,0.0,14.34,GNSS_LOCKED,0.14,17.37,-7.13,0.93,4.46,False,False,False,False
1788947276804,-0.1131,-0.1507,9.8369,0.00013,-0.0004,-0.00053,-35.64,26.64,-7.99,0.0,0.0,0.0,0.0,0.0,14.34,GNSS_LOCKED,0.14,16.87,-7.13,0.93,4.46,False,False,False,False
1788947276916,-0.1155,-0.1196,9.8489,0.00013,0.00013,0.0,-35.85,26.78,-8.08,0.0,0.0,0.0,0.0,0.0,14.69,GNSS_LOCKED,0.14,16.36,-7.13,0.92,4.46,False,False,False,False
1788947277028,-0.0987,-0.1986,9.8249,0.00067,0.00013,0.0,-36.32,26.33,-7.86,0.0,0.0,0.0,0.0,0.0,14.69,GNSS_LOCKED,0.14,15.84,-7.13,0.92,4.47,False,False,False,False
1788947277142,-0.1202,-0.1436,9.8489,0.00226,-0.0004,0.0,-36.49,26.18,-8.33,0.0,0.0,0.0,0.0,0.0,14.69,GNSS_LOCKED,0.14,15.33,-7.13,0.92,4.47,False,False,False,False
1788947277253,-0.1035,-0.0981,9.8656,0.0012,0.00013,0.0,-36.04,27.06,-8.27,0.0,0.0,0.0,0.0,0.0,14.69,GNSS_LOCKED,0.14,14.84,-7.13,0.91,4.47,False,False,False,False
1788947277366,-0.1083,-0.1125,9.856,0.00013,-0.0004,0.0,-36.32,26.29,-7.86,0.0,0.0,0.0,0.0,0.0,14.69,GNSS_LOCKED,0.14,14.34,-7.13,0.91,4.48,False,False,False,False
1788947277481,-0.0772,-0.201,9.8201,-0.00146,0.00013,0.0,-36.0,26.57,-7.61,0.0,0.0,0.0,0.0,0.0,14.69,GNSS_LOCKED,0.14,13.83,-7.13,0.91,4.48,False,False,False,False
1788947277596,-0.1609,-0.2106,9.8058,0.00226,0.00013,0.0,-36.34,26.23,-8.27,0.0,0.0,0.0,0.0,0.0,14.69,GNSS_LOCKED,0.14,13.29,-7.13,0.9,4.48,False,False,False,False
1788947277709,-0.1418,-0.1172,9.8608,0.0028,0.00013,-0.00053,-35.61,26.57,-7.39,0.0,0.0,0.0,0.0,0.0,14.69,GNSS_LOCKED,0.14,12.78,-7.13,0.9,4.49,False,False,False,False
1788947277822,-0.125,-0.0933,9.8441,0.00333,0.00013,0.0,-35.89,26.57,-7.91,0.0,0.0,0.0,0.0,0.0,14.69,GNSS_LOCKED,0.14,12.28,-7.13,0.89,4.49,False,False,False,False
1788947277934,-0.1059,-0.1029,9.8752,0.0028,0.00013,0.0,-35.87,26.55,-8.53,0.0,0.0,0.0,0.0,0.0,14.23,GNSS_LOCKED,0.14,11.79,-7.13,0.89,4.49,False,False,False,False
1788947278047,-0.0532,-0.0837,9.8632,0.0012,0.00013,-0.00053,-35.91,25.97,-8.14,0.0,0.0,0.0,0.0,0.0,14.23,GNSS_LOCKED,0.14,11.32,-7.13,0.89,4.5,False,False,False,False
1788947278158,-0.125,-0.1579,9.8297,-0.0004,-0.00093,0.0,-35.78,26.48,-8.59,0.0,0.0,0.0,0.0,0.0,14.23,GNSS_LOCKED,0.14,10.81,-7.13,0.88,4.5,False,False,False,False
1788947278271,-0.1418,-0.1699,9.8441,0.00067,-0.0004,0.0,-35.91,26.48,-8.7,0.0,0.0,0.0,0.0,0.0,14.23,GNSS_LOCKED,0.14,10.29,-7.13,0.88,4.5,False,False,False,False
1788947278382,-0.1346,-0.1436,9.8369,0.00173,0.00013,0.0,-36.02,26.57,-7.03,0.0,0.0,0.0,0.0,0.0,14.23,GNSS_LOCKED,0.14,9.77,-7.13,0.88,4.51,False,False,False,False
1788947278495,-0.1394,-0.1292,9.8752,0.0012,-0.0004,0.00053,-35.57,26.18,-8.19,0.0,0.0,0.0,0.0,0.0,14.23,GNSS_LOCKED,0.14,9.26,-7.13,0.87,4.51,False,False,False,False
1788947278606,-0.0748,-0.146,9.8369,0.00067,0.00013,-0.00053,-35.57,26.66,-7.89,0.0,0.0,0.0,0.0,0.0,14.23,GNSS_LOCKED,0.14,8.75,-7.13,0.87,4.51,False,False,False,False
1788947278719,-0.0796,-0.1531,9.8321,0.00067,-0.0004,0.0,-35.53,26.85,-7.33,0.0,0.0,0.0,0.0,0.0,14.23,GNSS_LOCKED,0.14,8.25,-7.13,0.87,4.52,False,False,False,False
1788947278830,-0.0939,-0.1555,9.8321,0.00173,-0.0004,-0.00053,-35.59,26.21,-7.84,0.0,0.0,0.0,0.0,0.0,14.23,GNSS_LOCKED,0.14,7.74,-7.13,0.86,4.52,False,False,False,False
1788947278942,-0.1155,-0.1412,9.8369,0.00067,0.00013,0.0,-36.24,26.27,-8.74,0.0,0.0,0.0,0.0,0.0,14.23,GNSS_LOCKED,0.14,7.23,-7.13,0.86,4.52,False,False,False,False
1788947279054,-0.1131,-0.1101,9.8393,0.00173,-0.0004,0.0,-35.79,25.67,-8.51,0.0,0.0,0.0,0.0,0.0,14.23,GNSS_LOCKED,0.14,6.73,-7.13,0.86,4.52,False,False,False,False
1788947279166,-0.1155,-0.1507,9.8441,0.00013,-0.0004,-0.00107,-36.0,26.27,-8.01,0.0,0.0,0.0,0.0,0.0,14.23,GNSS_LOCKED,0.14,6.22,-7.13,0.85,4.53,False,False,False,False
1788947279277,-0.0939,-0.1579,9.8225,0.00067,-0.0004,0.0,-36.02,26.91,-8.89,0.0,0.0,0.0,0.0,0.0,14.23,GNSS_LOCKED,0.14,5.71,-7.13,0.85,4.53,False,False,False,False
1788947279388,-0.1131,-0.1651,9.8417,0.00067,-0.0004,0.0,-36.13,26.83,-9.56,0.0,0.0,0.0,0.0,0.0,14.23,GNSS_LOCKED,0.14,5.19,-7.13,0.85,4.53,False,False,False,False
