trip_name,driver,split,epochs,duration_min,avg_speed_kmh,max_speed_kmh,r_dom_freq,rho_dom_freq,r_tot_power,rho_tot_power,r_centroid,rho_centroid,r_mid_power_2_3Hz,r_high_power_3_5Hz,r2_power_univariate,power_slope,power_intercept
V-Vfa01,Vf (Driver E),Val,11437,19.06,58.9,98.4,-0.151,-0.153,0.261,0.374,-0.183,-0.184,0.246,0.2,0.068,3.1629,14.07
V-Vfa02,Vf (Driver E),Test,67474,112.46,87.0,117.9,-0.014,0.01,0.104,0.219,-0.052,-0.034,0.102,0.073,0.011,1.8701,23.16
Vta01a,Vta (Driver E),Train,25627,42.71,57.2,103.4,-0.075,-0.052,0.116,0.194,-0.191,-0.191,0.089,-0.033,0.013,1.0649,15.18
Vta01b,Vta (Driver E),Train,904,1.51,46.9,77.7,-0.163,-0.148,0.697,0.69,-0.298,-0.3,0.588,0.255,0.486,8.2189,7.53
Vta02,Vta (Driver E),Train,10942,18.24,36.3,81.6,-0.261,-0.236,0.615,0.667,-0.271,-0.269,0.46,0.407,0.378,8.5767,6.53
Vta03,Vta (Driver E),Train,596,0.99,21.3,45.8,0.019,0.035,-0.692,-0.608,-0.075,-0.119,-0.596,-0.619,0.479,-26.5909,8.35
Vta04,Vta (Driver E),Train,1740,2.9,40.7,51.7,0.157,0.115,0.277,0.128,0.215,0.155,0.078,0.307,0.076,2.0894,10.24
Vta05,Vta (Driver E),Train,258,0.43,42.0,51.1,0.002,0.062,-0.149,-0.025,0.129,0.001,-0.002,-0.172,0.022,-1.5854,12.18
Vta06,Vta (Driver E),Train,1327,2.21,68.4,103.9,-0.139,-0.131,0.148,0.253,-0.14,-0.055,0.177,0.002,0.022,1.43,18.02
Vta07,Vta (Driver E),Train,791,1.32,63.9,113.1,0.001,0.009,0.463,0.67,0.041,0.096,0.5,0.243,0.214,10.9244,12.46
Vta08,Vta (Driver E),Train,3627,6.05,33.5,77.6,0.047,0.05,0.669,0.836,0.048,0.026,0.596,0.616,0.448,14.1748,5.08
Vta09,Vta (Driver E),Train,107,0.18,77.4,87.4,-0.019,-0.18,0.464,0.4,-0.035,-0.017,0.563,-0.126,0.215,7.2876,18.52
Vta10,Vta (Driver E),Train,1453,2.42,89.3,118.0,0.016,-0.002,0.411,0.431,0.166,0.128,0.322,0.448,0.169,3.7554,21.92
Vta11,Vta (Driver E),Train,461,0.77,45.7,97.6,-0.11,-0.04,0.296,0.429,0.094,0.216,-0.009,0.357,0.088,5.1302,10.49
Vta12,Vta (Driver E),Train,561,0.94,67.6,85.3,-0.482,-0.455,0.194,0.27,-0.531,-0.517,0.196,-0.178,0.037,2.8408,17.68
Vta13,Vta (Driver E),Train,355,0.59,87.3,103.6,-0.319,-0.344,0.359,0.199,-0.488,-0.385,0.016,-0.035,0.129,1.4361,22.92
Vta14,Vta (Driver E),Train,2836,4.73,67.7,91.0,0.029,0.027,0.01,-0.031,0.036,0.046,-0.048,0.09,0.0,0.077,18.78
Vta15,Vta (Driver E),Train,784,1.31,71.6,78.8,0.099,0.058,0.122,0.258,0.02,-0.074,0.06,0.074,0.015,0.5597,19.62
Vta16,Vta (Driver E),Train,11286,18.81,43.3,93.9,-0.113,-0.12,0.321,0.491,-0.12,-0.128,0.327,0.252,0.103,5.4435,9.77
Vta17,Vta (Driver E),Train,4470,7.45,32.7,56.2,-0.178,-0.228,0.48,0.571,-0.247,-0.271,0.422,0.299,0.23,4.5028,6.74
Vta19,Vta (Driver E),Val,243,0.41,24.4,54.2,0.391,0.331,0.531,0.551,0.644,0.569,0.048,0.803,0.281,14.0714,2.92
Vta20,Vta (Driver E),Val,3174,5.29,4.3,44.8,-0.085,-0.109,0.024,0.373,-0.13,-0.138,0.067,0.028,0.001,0.1764,1.17
Vta21,Vta (Driver E),Test,2030,3.38,48.2,74.8,-0.309,-0.287,0.359,0.324,-0.395,-0.351,0.331,0.222,0.129,1.8765,11.42
Vta22,Vta (Driver E),Test,1515,2.52,38.4,55.8,-0.033,-0.07,0.298,0.381,0.016,-0.001,0.349,0.233,0.089,1.621,9.49
Vta23,Vta (Driver E),Test,1061,1.77,35.1,51.9,-0.079,-0.231,0.467,0.409,-0.153,-0.314,0.294,0.287,0.218,3.8064,7.44
Vta24,Vta (Driver E),Test,1122,1.87,20.4,56.4,0.15,0.025,0.727,0.834,0.205,0.043,0.534,0.791,0.528,25.8807,1.77
Vta25,Vta (Driver E),Test,597,0.99,7.4,48.6,-0.076,-0.356,0.492,0.262,-0.118,-0.341,0.426,0.46,0.242,7.024,0.79
Vta26,Vta (Driver E),Test,1886,3.14,18.8,55.1,-0.065,-0.117,0.72,0.873,-0.157,-0.278,0.707,0.57,0.519,3.1118,2.8
Vta27,Vta (Driver E),Test,2491,4.15,45.3,65.0,-0.035,0.106,0.328,0.229,-0.117,0.081,0.311,0.27,0.108,1.1706,10.88
Vta28,Vta (Driver E),Test,4161,6.94,33.5,66.0,-0.125,-0.115,0.413,0.568,-0.149,-0.138,0.391,0.361,0.17,3.3418,6.93
Vta29,Vta (Driver E),Train,23656,39.43,39.7,102.0,-0.182,-0.176,0.447,0.592,-0.249,-0.237,0.422,0.306,0.2,3.0543,8.34
Vta30,Vta (Driver E),Train,17087,28.48,24.5,93.0,0.065,0.046,0.654,0.88,0.103,0.085,0.549,0.614,0.428,10.1493,3.59
Vtb01,Vtb (Driver E),Train,32410,54.02,46.2,101.2,0.106,0.052,0.435,0.463,0.195,0.043,0.391,0.365,0.189,4.42,10.42
Vtb02,Vtb (Driver E),Train,5663,9.44,27.4,61.1,0.145,0.155,0.468,0.587,0.102,0.079,0.329,0.437,0.219,4.5088,5.23
Vtb03,Vtb (Driver E),Train,8191,13.65,2.8,37.5,-0.114,-0.021,0.86,0.462,-0.161,-0.098,0.724,0.843,0.739,4.1066,0.42
Vtb04,Vtb (Driver E),Train,507,0.85,14.3,32.7,0.653,0.642,0.717,0.674,0.522,0.479,0.607,0.709,0.514,3.5974,1.31
Vtb05,Vtb (Driver E),Train,64339,107.23,62.4,112.9,-0.013,-0.022,0.151,0.253,-0.002,-0.006,0.162,0.138,0.023,2.9795,15.93
Vtb06,Vtb (Driver E),Train,449,0.75,63.4,73.0,0.125,0.081,0.388,0.278,0.221,0.151,0.306,0.421,0.15,0.7212,17.14
Vtb07,Vtb (Driver E),Train,412,0.69,59.0,69.2,-0.079,-0.074,-0.271,-0.195,-0.32,-0.435,-0.447,-0.263,0.073,-3.1348,17.72
Vtb08,Vtb (Driver E),Val,619,1.03,70.0,76.5,0.259,0.234,0.186,0.146,0.065,0.062,0.157,0.144,0.035,0.6056,19.04
Vtb09,Vtb (Driver E),Test,403,0.67,77.7,92.0,-0.144,-0.04,-0.437,-0.557,-0.286,-0.167,-0.305,-0.464,0.191,-1.2652,22.5
Vtb10,Vtb (Driver E),Test,146,0.24,43.3,58.5,0.007,-0.026,-0.749,-0.473,-0.085,0.001,-0.687,-0.691,0.562,-7.5386,14.4
Vtb11,Vtb (Driver E),Test,312,0.52,69.3,72.8,0.057,0.167,-0.321,-0.157,0.202,0.196,-0.263,-0.279,0.103,-0.3985,19.51
Vtb12,Vtb (Driver E),Test,398,0.66,39.5,65.8,0.004,0.09,-0.189,0.075,0.302,0.272,-0.337,-0.094,0.036,-1.9907,11.59
Vw01,Vw (Driver E),Train,20426,34.04,0.0,0.3,-0.009,-0.002,-0.009,-0.016,-0.011,-0.009,-0.008,-0.01,0.0,-0.0093,0.01
Vw02,Vw (Driver E),Train,52663,87.77,67.4,115.4,-0.054,-0.035,0.178,0.135,-0.052,-0.041,0.155,0.16,0.032,1.907,17.01
Vw03,Vw (Driver E),Train,3812,6.35,46.0,77.4,0.015,-0.051,0.529,0.62,-0.077,-0.082,0.425,0.519,0.28,2.7561,9.08
Vw04,Vw (Driver E),Train,126477,210.8,61.0,131.9,-0.071,-0.063,0.348,0.447,-0.118,-0.112,0.278,0.307,0.121,2.9312,12.9
Vw05,Vw (Driver E),Train,963,1.61,23.4,37.4,-0.199,-0.225,0.319,0.532,-0.124,-0.065,0.222,0.457,0.102,0.5456,5.91
Vw06,Vw (Driver E),Train,1232,2.05,30.8,40.7,-0.212,-0.233,0.251,0.173,-0.183,-0.325,0.245,0.181,0.063,0.3451,8.1
Vw07,Vw (Driver E),Train,1553,2.59,25.9,42.2,0.053,0.049,-0.204,-0.193,0.067,0.051,-0.308,-0.144,0.042,-0.5947,7.81
Vw08,Vw (Driver E),Train,1480,2.47,24.6,46.4,0.013,-0.025,0.056,0.2,0.12,0.155,0.178,0.003,0.003,0.1784,6.63
Vw09,Vw (Driver E),Train,503,0.84,27.4,42.0,0.115,0.11,0.416,0.375,0.346,0.335,0.208,0.406,0.173,1.0712,6.16
Vw10,Vw (Driver E),Val,603,1.01,42.3,58.9,-0.036,0.03,0.54,0.505,-0.042,0.02,0.496,0.436,0.291,1.4716,9.25
Vw11,Vw (Driver E),Val,4860,8.1,43.0,98.4,-0.144,-0.189,0.48,0.714,-0.183,-0.184,0.372,0.454,0.23,3.5277,7.91
Vw12,Vw (Driver E),Test,869,1.45,90.5,97.4,0.045,0.078,0.071,0.032,0.191,0.2,0.028,0.137,0.005,0.1245,24.99
Vw13,Vw (Driver E),Test,235,0.39,96.8,101.3,-0.456,-0.307,0.2,0.196,-0.413,-0.366,0.417,-0.1,0.04,0.2383,26.6
Vw14a,Vw (Driver E),Test,3089,5.15,90.6,107.9,0.017,0.059,0.12,0.075,0.013,0.027,0.156,0.086,0.014,0.417,24.59
Vw14b,Vw (Driver E),Test,19539,32.57,75.6,120.1,-0.043,-0.066,0.333,0.317,-0.067,-0.089,0.266,0.269,0.111,3.1186,17.83
Vw14c,Vw (Driver E),Train,15777,26.3,38.7,100.5,-0.073,-0.064,0.554,0.83,-0.146,-0.16,0.502,0.501,0.307,6.1258,6.74
Vw15,Vw (Driver E),Test,1331,2.22,0.1,0.8,0.076,0.074,0.041,-0.025,0.055,0.066,0.039,0.043,0.002,0.0406,0.02
Vw16a,Vw (Driver E),Test,5830,9.72,52.3,83.5,-0.068,-0.02,0.283,0.436,-0.038,0.034,0.313,0.241,0.08,1.8167,12.73
Vw16b,Vw (Driver E),Train,1077,1.8,59.5,86.3,0.053,-0.028,0.286,0.29,-0.003,-0.039,0.284,0.232,0.082,1.6205,14.43
Vw17,Vw (Driver E),Train,280,0.47,58.3,72.0,-0.03,0.02,-0.544,-0.063,-0.063,0.061,-0.37,-0.48,0.296,-1.6619,17.57
